transaction_id,date,cashier_id,product_id,product_name,category,quantity,total_price
1,2026-06-01 21:14:00,102,4,Agua de Horchata,Bebida,1,800
2,2026-06-01 20:01:00,101,5,Gaseosa,Bebida,2,2000
3,2026-06-01 15:26:00,103,4,Agua de Horchata,Bebida,2,1600
4,2026-06-01 23:12:00,102,4,Agua de Horchata,Bebida,2,1600
5,2026-06-01 23:31:00,103,2,Taco de Asada,Comida,2,3600
6,2026-06-01 14:29:00,102,1,Taco al Pastor,Comida,2,3000
7,2026-06-01 20:11:00,103,5,Gaseosa,Bebida,2,2000
8,2026-06-01 13:08:00,103,4,Agua de Horchata,Bebida,2,1600
9,2026-06-01 13:16:00,102,3,Quesadilla,Comida,4,8000
10,2026-06-01 14:43:00,101,5,Gaseosa,Bebida,3,3000
11,2026-06-01 14:04:00,103,2,Taco de Asada,Comida,1,1800
12,2026-06-01 13:01:00,101,1,Taco al Pastor,Comida,2,3000
13,2026-06-01 21:10:00,101,4,Agua de Horchata,Bebida,2,1600
14,2026-06-01 12:40:00,103,4,Agua de Horchata,Bebida,2,1600
15,2026-06-01 20:39:00,103,2,Taco de Asada,Comida,2,3600
16,2026-06-01 13:52:00,102,3,Quesadilla,Comida,4,8000
17,2026-06-01 19:13:00,102,2,Taco de Asada,Comida,2,3600
18,2026-06-01 12:05:00,103,3,Quesadilla,Comida,2,4000
19,2026-06-01 12:18:00,103,4,Agua de Horchata,Bebida,2,1600
20,2026-06-01 22:52:00,102,3,Quesadilla,Comida,4,8000
21,2026-06-01 14:53:00,101,3,Quesadilla,Comida,1,2000
22,2026-06-01 14:37:00,102,5,Gaseosa,Bebida,2,2000
23,2026-06-01 22:16:00,101,2,Taco de Asada,Comida,2,3600
24,2026-06-01 12:14:00,103,2,Taco de Asada,Comida,4,7200
25,2026-06-01 13:08:00,101,2,Taco de Asada,Comida,2,3600
26,2026-06-01 12:10:00,101,4,Agua de Horchata,Bebida,1,800
27,2026-06-01 20:06:00,101,5,Gaseosa,Bebida,2,2000
28,2026-06-01 22:36:00,102,3,Quesadilla,Comida,2,4000
29,2026-06-02 13:44:00,102,4,Agua de Horchata,Bebida,2,1600
30,2026-06-02 23:54:00,101,2,Taco de Asada,Comida,1,1800
31,2026-06-02 12:56:00,103,5,Gaseosa,Bebida,4,4000
32,2026-06-02 12:46:00,103,4,Agua de Horchata,Bebida,1,800
33,2026-06-02 12:31:00,102,3,Quesadilla,Comida,3,6000
34,2026-06-02 21:46:00,102,4,Agua de Horchata,Bebida,2,1600
35,2026-06-02 14:06:00,103,1,Taco al Pastor,Comida,1,1500
36,2026-06-02 15:01:00,101,4,Agua de Horchata,Bebida,3,2400
37,2026-06-02 19:17:00,102,4,Agua de Horchata,Bebida,1,800
38,2026-06-02 22:12:00,101,3,Quesadilla,Comida,3,6000
39,2026-06-02 20:18:00,102,3,Quesadilla,Comida,3,6000
40,2026-06-02 13:43:00,102,3,Quesadilla,Comida,2,4000
41,2026-06-02 14:28:00,101,4,Agua de Horchata,Bebida,3,2400
42,2026-06-02 22:57:00,102,2,Taco de Asada,Comida,2,3600
43,2026-06-02 21:31:00,102,4,Agua de Horchata,Bebida,3,2400
44,2026-06-02 15:40:00,101,5,Gaseosa,Bebida,1,1000
45,2026-06-02 21:45:00,103,3,Quesadilla,Comida,3,6000
46,2026-06-02 23:47:00,102,5,Gaseosa,Bebida,1,1000
47,2026-06-02 12:02:00,102,1,Taco al Pastor,Comida,3,4500
48,2026-06-02 13:47:00,103,4,Agua de Horchata,Bebida,3,2400
49,2026-06-02 13:29:00,101,4,Agua de Horchata,Bebida,2,1600
50,2026-06-02 20:26:00,101,4,Agua de Horchata,Bebida,4,3200
51,2026-06-02 14:15:00,101,3,Quesadilla,Comida,2,4000
52,2026-06-02 20:57:00,101,1,Taco al Pastor,Comida,2,3000
53,2026-06-02 20:26:00,103,4,Agua de Horchata,Bebida,1,800
54,2026-06-02 14:25:00,103,2,Taco de Asada,Comida,2,3600
55,2026-06-02 20:18:00,103,1,Taco al Pastor,Comida,2,3000
56,2026-06-02 14:58:00,101,5,Gaseosa,Bebida,4,4000
57,2026-06-02 14:37:00,103,3,Quesadilla,Comida,1,2000
58,2026-06-02 13:57:00,103,2,Taco de Asada,Comida,2,3600
59,2026-06-02 14:22:00,103,5,Gaseosa,Bebida,3,3000
60,2026-06-02 23:10:00,101,5,Gaseosa,Bebida,2,2000
61,2026-06-02 12:33:00,101,1,Taco al Pastor,Comida,2,3000
62,2026-06-02 14:47:00,103,3,Quesadilla,Comida,2,4000
63,2026-06-02 12:45:00,101,5,Gaseosa,Bebida,2,2000
64,2026-06-02 23:00:00,101,3,Quesadilla,Comida,2,4000
65,2026-06-02 12:49:00,102,2,Taco de Asada,Comida,3,5400
66,2026-06-02 21:35:00,102,1,Taco al Pastor,Comida,2,3000
67,2026-06-03 22:09:00,103,5,Gaseosa,Bebida,1,1000
68,2026-06-03 13:55:00,101,3,Quesadilla,Comida,2,4000
69,2026-06-03 19:32:00,102,5,Gaseosa,Bebida,2,2000
70,2026-06-03 14:48:00,102,5,Gaseosa,Bebida,1,1000
71,2026-06-03 22:34:00,101,5,Gaseosa,Bebida,2,2000
72,2026-06-03 21:21:00,101,4,Agua de Horchata,Bebida,2,1600
73,2026-06-03 12:30:00,103,2,Taco de Asada,Comida,4,7200
74,2026-06-03 22:07:00,102,5,Gaseosa,Bebida,2,2000
75,2026-06-03 21:34:00,103,3,Quesadilla,Comida,3,6000
76,2026-06-03 15:57:00,102,1,Taco al Pastor,Comida,2,3000
77,2026-06-03 23:45:00,103,4,Agua de Horchata,Bebida,2,1600
78,2026-06-03 22:43:00,101,2,Taco de Asada,Comida,3,5400
79,2026-06-03 23:50:00,101,2,Taco de Asada,Comida,2,3600
80,2026-06-03 15:06:00,101,2,Taco de Asada,Comida,4,7200
81,2026-06-03 15:53:00,101,3,Quesadilla,Comida,3,6000
82,2026-06-03 13:10:00,101,5,Gaseosa,Bebida,2,2000
83,2026-06-03 14:33:00,102,5,Gaseosa,Bebida,4,4000
84,2026-06-03 15:21:00,103,2,Taco de Asada,Comida,2,3600
85,2026-06-03 12:04:00,102,5,Gaseosa,Bebida,1,1000
86,2026-06-03 12:19:00,102,4,Agua de Horchata,Bebida,3,2400
87,2026-06-03 19:54:00,102,4,Agua de Horchata,Bebida,2,1600
88,2026-06-03 23:04:00,101,1,Taco al Pastor,Comida,3,4500
89,2026-06-03 12:10:00,101,2,Taco de Asada,Comida,1,1800
90,2026-06-03 13:04:00,103,5,Gaseosa,Bebida,2,2000
91,2026-06-03 15:48:00,103,2,Taco de Asada,Comida,2,3600
92,2026-06-03 21:01:00,102,4,Agua de Horchata,Bebida,4,3200
93,2026-06-03 19:01:00,101,2,Taco de Asada,Comida,1,1800
94,2026-06-03 13:54:00,102,2,Taco de Asada,Comida,2,3600
95,2026-06-03 13:31:00,101,1,Taco al Pastor,Comida,2,3000
96,2026-06-03 15:48:00,103,5,Gaseosa,Bebida,3,3000
97,2026-06-03 12:11:00,102,2,Taco de Asada,Comida,2,3600
98,2026-06-03 20:56:00,102,2,Taco de Asada,Comida,1,1800
99,2026-06-04 15:30:00,103,3,Quesadilla,Comida,2,4000
100,2026-06-04 14:50:00,101,1,Taco al Pastor,Comida,1,1500
101,2026-06-04 14:57:00,102,3,Quesadilla,Comida,1,2000
102,2026-06-04 21:35:00,103,2,Taco de Asada,Comida,3,5400
103,2026-06-04 22:21:00,101,5,Gaseosa,Bebida,4,4000
104,2026-06-04 14:01:00,103,4,Agua de Horchata,Bebida,2,1600
105,2026-06-04 15:39:00,103,1,Taco al Pastor,Comida,3,4500
106,2026-06-04 23:34:00,103,4,Agua de Horchata,Bebida,2,1600
107,2026-06-04 20:47:00,101,2,Taco de Asada,Comida,2,3600
108,2026-06-04 19:22:00,102,4,Agua de Horchata,Bebida,2,1600
109,2026-06-04 12:57:00,103,2,Taco de Asada,Comida,1,1800
110,2026-06-04 23:44:00,103,4,Agua de Horchata,Bebida,2,1600
111,2026-06-04 19:12:00,101,1,Taco al Pastor,Comida,2,3000
112,2026-06-04 19:45:00,102,3,Quesadilla,Comida,2,4000
113,2026-06-04 14:17:00,103,1,Taco al Pastor,Comida,4,6000
114,2026-06-04 12:55:00,103,2,Taco de Asada,Comida,3,5400
115,2026-06-04 12:49:00,102,1,Taco al Pastor,Comida,3,4500
116,2026-06-04 12:29:00,103,2,Taco de Asada,Comida,3,5400
117,2026-06-04 20:20:00,103,2,Taco de Asada,Comida,2,3600
118,2026-06-04 15:50:00,103,4,Agua de Horchata,Bebida,2,1600
119,2026-06-04 23:30:00,102,2,Taco de Asada,Comida,4,7200
120,2026-06-04 21:43:00,102,2,Taco de Asada,Comida,2,3600
121,2026-06-04 13:00:00,101,4,Agua de Horchata,Bebida,2,1600
122,2026-06-04 13:54:00,102,2,Taco de Asada,Comida,2,3600
123,2026-06-04 13:22:00,102,1,Taco al Pastor,Comida,3,4500
124,2026-06-04 21:34:00,102,4,Agua de Horchata,Bebida,2,1600
125,2026-06-04 22:53:00,103,5,Gaseosa,Bebida,2,2000
126,2026-06-04 21:21:00,103,3,Quesadilla,Comida,3,6000
127,2026-06-04 23:09:00,103,4,Agua de Horchata,Bebida,3,2400
128,2026-06-04 15:54:00,101,1,Taco al Pastor,Comida,3,4500
129,2026-06-04 23:56:00,101,4,Agua de Horchata,Bebida,2,1600
130,2026-06-04 13:59:00,103,2,Taco de Asada,Comida,2,3600
131,2026-06-04 23:21:00,103,4,Agua de Horchata,Bebida,2,1600
132,2026-06-04 15:45:00,101,1,Taco al Pastor,Comida,2,3000
133,2026-06-04 12:49:00,101,2,Taco de Asada,Comida,2,3600
134,2026-06-05 14:30:00,101,2,Taco de Asada,Comida,1,1800
135,2026-06-05 12:29:00,102,5,Gaseosa,Bebida,1,1000
136,2026-06-05 15:29:00,102,4,Agua de Horchata,Bebida,3,2400
137,2026-06-05 15:05:00,102,1,Taco al Pastor,Comida,2,3000
138,2026-06-05 20:57:00,102,1,Taco al Pastor,Comida,2,3000
139,2026-06-05 21:11:00,103,1,Taco al Pastor,Comida,4,6000
140,2026-06-05 22:49:00,103,4,Agua de Horchata,Bebida,2,1600
141,2026-06-05 21:05:00,102,1,Taco al Pastor,Comida,2,3000
142,2026-06-05 13:56:00,103,5,Gaseosa,Bebida,2,2000
143,2026-06-05 22:31:00,101,4,Agua de Horchata,Bebida,4,3200
144,2026-06-05 23:27:00,102,2,Taco de Asada,Comida,4,7200
145,2026-06-05 19:29:00,101,5,Gaseosa,Bebida,2,2000
146,2026-06-05 19:40:00,103,4,Agua de Horchata,Bebida,2,1600
147,2026-06-05 12:23:00,102,1,Taco al Pastor,Comida,2,3000
148,2026-06-05 14:12:00,103,3,Quesadilla,Comida,2,4000
149,2026-06-05 20:45:00,103,2,Taco de Asada,Comida,2,3600
150,2026-06-05 12:08:00,101,1,Taco al Pastor,Comida,1,1500
151,2026-06-05 21:57:00,103,3,Quesadilla,Comida,4,8000
152,2026-06-05 19:32:00,103,4,Agua de Horchata,Bebida,2,1600
153,2026-06-05 21:16:00,102,4,Agua de Horchata,Bebida,2,1600
154,2026-06-05 23:17:00,103,3,Quesadilla,Comida,2,4000
155,2026-06-05 15:54:00,102,2,Taco de Asada,Comida,1,1800
156,2026-06-05 21:21:00,103,1,Taco al Pastor,Comida,3,4500
157,2026-06-05 14:32:00,103,3,Quesadilla,Comida,2,4000
158,2026-06-05 23:31:00,103,2,Taco de Asada,Comida,1,1800
159,2026-06-05 13:27:00,102,5,Gaseosa,Bebida,2,2000
160,2026-06-05 12:34:00,101,5,Gaseosa,Bebida,2,2000
161,2026-06-05 20:52:00,103,1,Taco al Pastor,Comida,4,6000
162,2026-06-05 20:54:00,101,5,Gaseosa,Bebida,2,2000
163,2026-06-05 12:34:00,101,2,Taco de Asada,Comida,2,3600
164,2026-06-05 20:33:00,102,2,Taco de Asada,Comida,2,3600
165,2026-06-05 12:51:00,102,3,Quesadilla,Comida,2,4000
166,2026-06-05 13:07:00,102,3,Quesadilla,Comida,3,6000
167,2026-06-05 19:17:00,101,4,Agua de Horchata,Bebida,2,1600
168,2026-06-05 15:20:00,103,1,Taco al Pastor,Comida,1,1500
169,2026-06-05 19:06:00,103,4,Agua de Horchata,Bebida,2,1600
170,2026-06-05 19:03:00,103,1,Taco al Pastor,Comida,2,3000
171,2026-06-05 21:00:00,101,2,Taco de Asada,Comida,2,3600
172,2026-06-05 14:20:00,101,2,Taco de Asada,Comida,2,3600
173,2026-06-05 23:55:00,101,5,Gaseosa,Bebida,3,3000
174,2026-06-05 23:42:00,102,5,Gaseosa,Bebida,3,3000
175,2026-06-05 23:34:00,101,1,Taco al Pastor,Comida,1,1500
176,2026-06-05 13:37:00,101,1,Taco al Pastor,Comida,2,3000
177,2026-06-06 13:21:00,102,5,Gaseosa,Bebida,3,3000
178,2026-06-06 22:48:00,103,4,Agua de Horchata,Bebida,2,1600
179,2026-06-06 13:48:00,102,3,Quesadilla,Comida,2,4000
180,2026-06-06 14:22:00,101,1,Taco al Pastor,Comida,3,4500
181,2026-06-06 20:36:00,103,3,Quesadilla,Comida,2,4000
182,2026-06-06 20:08:00,103,3,Quesadilla,Comida,2,4000
183,2026-06-06 12:16:00,101,5,Gaseosa,Bebida,2,2000
184,2026-06-06 20:24:00,101,4,Agua de Horchata,Bebida,3,2400
185,2026-06-06 12:52:00,103,5,Gaseosa,Bebida,1,1000
186,2026-06-06 12:43:00,102,4,Agua de Horchata,Bebida,2,1600
187,2026-06-06 12:54:00,102,5,Gaseosa,Bebida,1,1000
188,2026-06-06 20:24:00,103,1,Taco al Pastor,Comida,1,1500
189,2026-06-06 15:35:00,101,2,Taco de Asada,Comida,2,3600
190,2026-06-06 15:55:00,103,1,Taco al Pastor,Comida,3,4500
191,2026-06-06 12:09:00,103,3,Quesadilla,Comida,3,6000
192,2026-06-06 14:29:00,103,4,Agua de Horchata,Bebida,2,1600
193,2026-06-06 14:54:00,102,3,Quesadilla,Comida,2,4000
194,2026-06-06 12:04:00,102,1,Taco al Pastor,Comida,1,1500
195,2026-06-06 21:08:00,101,2,Taco de Asada,Comida,3,5400
196,2026-06-06 14:46:00,102,4,Agua de Horchata,Bebida,4,3200
197,2026-06-06 13:30:00,102,5,Gaseosa,Bebida,2,2000
198,2026-06-06 22:25:00,103,2,Taco de Asada,Comida,2,3600
199,2026-06-06 14:26:00,102,3,Quesadilla,Comida,2,4000
200,2026-06-06 22:54:00,103,3,Quesadilla,Comida,2,4000
201,2026-06-06 22:58:00,103,3,Quesadilla,Comida,2,4000
202,2026-06-06 14:18:00,103,1,Taco al Pastor,Comida,2,3000
203,2026-06-06 14:49:00,103,3,Quesadilla,Comida,1,2000
204,2026-06-06 20:47:00,102,1,Taco al Pastor,Comida,2,3000
205,2026-06-06 20:06:00,103,4,Agua de Horchata,Bebida,2,1600
206,2026-06-06 15:25:00,102,4,Agua de Horchata,Bebida,2,1600
207,2026-06-06 14:33:00,102,2,Taco de Asada,Comida,2,3600
208,2026-06-06 15:42:00,103,2,Taco de Asada,Comida,2,3600
209,2026-06-06 22:43:00,103,3,Quesadilla,Comida,2,4000
210,2026-06-06 22:25:00,101,4,Agua de Horchata,Bebida,3,2400
211,2026-06-06 23:47:00,103,1,Taco al Pastor,Comida,4,6000
212,2026-06-06 19:54:00,101,1,Taco al Pastor,Comida,3,4500
213,2026-06-06 22:28:00,102,4,Agua de Horchata,Bebida,2,1600
214,2026-06-06 19:57:00,103,1,Taco al Pastor,Comida,1,1500
215,2026-06-06 15:05:00,103,2,Taco de Asada,Comida,2,3600
216,2026-06-06 23:10:00,103,3,Quesadilla,Comida,2,4000
217,2026-06-06 12:15:00,103,4,Agua de Horchata,Bebida,2,1600
218,2026-06-06 13:35:00,102,1,Taco al Pastor,Comida,4,6000
219,2026-06-06 23:00:00,102,3,Quesadilla,Comida,2,4000
220,2026-06-06 15:55:00,103,4,Agua de Horchata,Bebida,3,2400
221,2026-06-06 14:00:00,101,5,Gaseosa,Bebida,4,4000
222,2026-06-06 14:32:00,102,2,Taco de Asada,Comida,4,7200
223,2026-06-06 19:12:00,101,4,Agua de Horchata,Bebida,3,2400
224,2026-06-06 22:13:00,102,2,Taco de Asada,Comida,1,1800
225,2026-06-06 12:29:00,101,2,Taco de Asada,Comida,2,3600
226,2026-06-07 20:09:00,101,5,Gaseosa,Bebida,2,2000
227,2026-06-07 15:07:00,102,2,Taco de Asada,Comida,2,3600
228,2026-06-07 22:09:00,102,4,Agua de Horchata,Bebida,2,1600
229,2026-06-07 13:31:00,102,2,Taco de Asada,Comida,3,5400
230,2026-06-07 19:46:00,102,4,Agua de Horchata,Bebida,1,800
231,2026-06-07 15:09:00,103,4,Agua de Horchata,Bebida,4,3200
232,2026-06-07 12:13:00,102,1,Taco al Pastor,Comida,2,3000
233,2026-06-07 21:21:00,103,3,Quesadilla,Comida,2,4000
234,2026-06-07 22:28:00,101,3,Quesadilla,Comida,1,2000
235,2026-06-07 13:05:00,101,4,Agua de Horchata,Bebida,3,2400
236,2026-06-07 15:06:00,102,2,Taco de Asada,Comida,2,3600
237,2026-06-07 22:48:00,103,1,Taco al Pastor,Comida,2,3000
238,2026-06-07 12:01:00,102,1,Taco al Pastor,Comida,2,3000
239,2026-06-07 12:48:00,101,2,Taco de Asada,Comida,2,3600
240,2026-06-07 15:07:00,103,5,Gaseosa,Bebida,1,1000
241,2026-06-07 12:24:00,102,3,Quesadilla,Comida,2,4000
242,2026-06-07 15:53:00,101,3,Quesadilla,Comida,2,4000
243,2026-06-07 22:44:00,101,5,Gaseosa,Bebida,3,3000
244,2026-06-07 15:35:00,103,4,Agua de Horchata,Bebida,3,2400
245,2026-06-07 14:08:00,103,4,Agua de Horchata,Bebida,3,2400
246,2026-06-07 12:57:00,101,4,Agua de Horchata,Bebida,4,3200
247,2026-06-07 14:57:00,101,2,Taco de Asada,Comida,1,1800
248,2026-06-07 15:02:00,101,3,Quesadilla,Comida,2,4000
249,2026-06-07 15:07:00,102,1,Taco al Pastor,Comida,1,1500
250,2026-06-07 12:33:00,102,5,Gaseosa,Bebida,2,2000
251,2026-06-07 23:56:00,103,2,Taco de Asada,Comida,1,1800
252,2026-06-07 20:19:00,103,5,Gaseosa,Bebida,4,4000
253,2026-06-07 14:22:00,101,4,Agua de Horchata,Bebida,1,800
254,2026-06-07 12:17:00,101,4,Agua de Horchata,Bebida,2,1600
255,2026-06-07 19:54:00,102,4,Agua de Horchata,Bebida,2,1600
256,2026-06-07 13:26:00,103,5,Gaseosa,Bebida,1,1000
257,2026-06-07 12:38:00,101,1,Taco al Pastor,Comida,1,1500
258,2026-06-07 14:44:00,103,4,Agua de Horchata,Bebida,2,1600
259,2026-06-07 19:20:00,101,4,Agua de Horchata,Bebida,2,1600
260,2026-06-07 21:47:00,101,5,Gaseosa,Bebida,2,2000
261,2026-06-07 14:54:00,103,4,Agua de Horchata,Bebida,2,1600
262,2026-06-07 12:41:00,103,3,Quesadilla,Comida,2,4000
263,2026-06-07 14:05:00,103,5,Gaseosa,Bebida,2,2000
264,2026-06-07 19:16:00,101,3,Quesadilla,Comida,2,4000
265,2026-06-07 22:10:00,102,4,Agua de Horchata,Bebida,2,1600
266,2026-06-07 23:44:00,103,2,Taco de Asada,Comida,2,3600
267,2026-06-07 13:32:00,101,4,Agua de Horchata,Bebida,1,800
268,2026-06-07 19:47:00,102,2,Taco de Asada,Comida,3,5400
269,2026-06-07 23:49:00,103,1,Taco al Pastor,Comida,1,1500
270,2026-06-07 14:41:00,101,2,Taco de Asada,Comida,1,1800
271,2026-06-07 23:16:00,103,2,Taco de Asada,Comida,1,1800
272,2026-06-07 20:21:00,103,3,Quesadilla,Comida,2,4000
273,2026-06-07 23:53:00,103,1,Taco al Pastor,Comida,2,3000
274,2026-06-07 15:01:00,101,1,Taco al Pastor,Comida,2,3000
275,2026-06-07 20:48:00,102,2,Taco de Asada,Comida,1,1800
276,2026-06-08 22:34:00,101,4,Agua de Horchata,Bebida,1,800
277,2026-06-08 22:21:00,102,5,Gaseosa,Bebida,1,1000
278,2026-06-08 20:19:00,101,2,Taco de Asada,Comida,2,3600
279,2026-06-08 22:01:00,101,5,Gaseosa,Bebida,2,2000
280,2026-06-08 19:51:00,101,3,Quesadilla,Comida,1,2000
281,2026-06-08 14:03:00,103,2,Taco de Asada,Comida,3,5400
282,2026-06-08 19:13:00,103,2,Taco de Asada,Comida,2,3600
283,2026-06-08 12:23:00,101,1,Taco al Pastor,Comida,3,4500
284,2026-06-08 23:30:00,103,5,Gaseosa,Bebida,2,2000
285,2026-06-08 19:34:00,101,5,Gaseosa,Bebida,3,3000
286,2026-06-08 12:47:00,103,1,Taco al Pastor,Comida,1,1500
287,2026-06-08 21:22:00,102,5,Gaseosa,Bebida,2,2000
288,2026-06-08 23:35:00,103,4,Agua de Horchata,Bebida,4,3200
289,2026-06-08 13:32:00,101,5,Gaseosa,Bebida,1,1000
290,2026-06-08 21:11:00,103,4,Agua de Horchata,Bebida,2,1600
291,2026-06-08 14:07:00,102,5,Gaseosa,Bebida,1,1000
292,2026-06-08 13:34:00,103,4,Agua de Horchata,Bebida,1,800
293,2026-06-08 12:20:00,102,4,Agua de Horchata,Bebida,4,3200
294,2026-06-08 21:47:00,101,2,Taco de Asada,Comida,1,1800
295,2026-06-08 12:01:00,101,1,Taco al Pastor,Comida,2,3000
296,2026-06-08 15:59:00,103,5,Gaseosa,Bebida,2,2000
297,2026-06-08 20:03:00,101,5,Gaseosa,Bebida,2,2000
298,2026-06-08 13:03:00,103,1,Taco al Pastor,Comida,1,1500
299,2026-06-08 14:16:00,101,2,Taco de Asada,Comida,4,7200
300,2026-06-08 14:36:00,102,2,Taco de Asada,Comida,2,3600
301,2026-06-09 12:31:00,101,1,Taco al Pastor,Comida,3,4500
302,2026-06-09 14:21:00,103,2,Taco de Asada,Comida,1,1800
303,2026-06-09 23:54:00,103,3,Quesadilla,Comida,4,8000
304,2026-06-09 19:34:00,101,4,Agua de Horchata,Bebida,1,800
305,2026-06-09 21:27:00,102,5,Gaseosa,Bebida,2,2000
306,2026-06-09 21:42:00,103,3,Quesadilla,Comida,3,6000
307,2026-06-09 13:25:00,103,3,Quesadilla,Comida,1,2000
308,2026-06-09 21:10:00,101,3,Quesadilla,Comida,3,6000
309,2026-06-09 15:30:00,102,4,Agua de Horchata,Bebida,2,1600
310,2026-06-09 12:17:00,103,2,Taco de Asada,Comida,3,5400
311,2026-06-09 14:53:00,101,3,Quesadilla,Comida,2,4000
312,2026-06-09 23:55:00,102,1,Taco al Pastor,Comida,3,4500
313,2026-06-09 21:33:00,103,2,Taco de Asada,Comida,2,3600
314,2026-06-09 15:12:00,102,2,Taco de Asada,Comida,3,5400
315,2026-06-09 14:13:00,103,3,Quesadilla,Comida,3,6000
316,2026-06-09 13:24:00,102,4,Agua de Horchata,Bebida,1,800
317,2026-06-09 14:40:00,103,1,Taco al Pastor,Comida,3,4500
318,2026-06-09 12:46:00,102,5,Gaseosa,Bebida,3,3000
319,2026-06-09 23:33:00,101,1,Taco al Pastor,Comida,2,3000
320,2026-06-09 23:12:00,102,5,Gaseosa,Bebida,2,2000
321,2026-06-09 23:58:00,103,1,Taco al Pastor,Comida,2,3000
322,2026-06-09 21:50:00,103,5,Gaseosa,Bebida,2,2000
323,2026-06-09 21:31:00,101,2,Taco de Asada,Comida,2,3600
324,2026-06-09 15:17:00,102,2,Taco de Asada,Comida,2,3600
325,2026-06-09 13:57:00,101,4,Agua de Horchata,Bebida,2,1600
326,2026-06-09 20:22:00,101,1,Taco al Pastor,Comida,4,6000
327,2026-06-09 13:53:00,102,1,Taco al Pastor,Comida,2,3000
328,2026-06-09 12:50:00,101,3,Quesadilla,Comida,1,2000
329,2026-06-09 14:25:00,102,1,Taco al Pastor,Comida,2,3000
330,2026-06-09 15:24:00,103,4,Agua de Horchata,Bebida,2,1600
331,2026-06-09 22:46:00,103,4,Agua de Horchata,Bebida,2,1600
332,2026-06-09 14:00:00,101,3,Quesadilla,Comida,1,2000
333,2026-06-09 20:45:00,101,3,Quesadilla,Comida,1,2000
334,2026-06-09 14:03:00,103,1,Taco al Pastor,Comida,3,4500
335,2026-06-09 15:07:00,103,1,Taco al Pastor,Comida,1,1500
336,2026-06-09 12:20:00,101,5,Gaseosa,Bebida,2,2000
337,2026-06-09 23:39:00,101,1,Taco al Pastor,Comida,2,3000
338,2026-06-09 19:55:00,101,2,Taco de Asada,Comida,3,5400
339,2026-06-09 22:17:00,102,5,Gaseosa,Bebida,2,2000
340,2026-06-09 14:51:00,101,3,Quesadilla,Comida,2,4000
341,2026-06-10 12:25:00,102,4,Agua de Horchata,Bebida,1,800
342,2026-06-10 14:35:00,102,3,Quesadilla,Comida,2,4000
343,2026-06-10 19:48:00,101,3,Quesadilla,Comida,3,6000
344,2026-06-10 21:05:00,103,1,Taco al Pastor,Comida,1,1500
345,2026-06-10 14:10:00,102,1,Taco al Pastor,Comida,1,1500
346,2026-06-10 12:43:00,102,3,Quesadilla,Comida,3,6000
347,2026-06-10 13:00:00,103,2,Taco de Asada,Comida,2,3600
348,2026-06-10 21:25:00,103,4,Agua de Horchata,Bebida,1,800
349,2026-06-10 21:00:00,103,3,Quesadilla,Comida,3,6000
350,2026-06-10 20:02:00,103,2,Taco de Asada,Comida,3,5400
351,2026-06-10 12:59:00,101,2,Taco de Asada,Comida,2,3600
352,2026-06-10 19:12:00,101,2,Taco de Asada,Comida,4,7200
353,2026-06-10 21:06:00,101,5,Gaseosa,Bebida,2,2000
354,2026-06-10 15:45:00,103,2,Taco de Asada,Comida,2,3600
355,2026-06-10 23:59:00,101,4,Agua de Horchata,Bebida,4,3200
356,2026-06-10 14:17:00,101,5,Gaseosa,Bebida,2,2000
357,2026-06-10 15:00:00,102,3,Quesadilla,Comida,1,2000
358,2026-06-10 20:44:00,103,4,Agua de Horchata,Bebida,1,800
359,2026-06-10 14:30:00,102,5,Gaseosa,Bebida,4,4000
360,2026-06-10 15:22:00,102,4,Agua de Horchata,Bebida,2,1600
361,2026-06-10 12:30:00,103,2,Taco de Asada,Comida,4,7200
362,2026-06-10 15:47:00,102,4,Agua de Horchata,Bebida,1,800
363,2026-06-10 14:07:00,103,3,Quesadilla,Comida,1,2000
364,2026-06-10 22:14:00,102,4,Agua de Horchata,Bebida,3,2400
365,2026-06-10 15:07:00,101,1,Taco al Pastor,Comida,2,3000
366,2026-06-10 23:06:00,102,4,Agua de Horchata,Bebida,3,2400
367,2026-06-11 23:52:00,103,2,Taco de Asada,Comida,2,3600
368,2026-06-11 12:29:00,101,4,Agua de Horchata,Bebida,4,3200
369,2026-06-11 12:37:00,102,3,Quesadilla,Comida,2,4000
370,2026-06-11 23:56:00,103,2,Taco de Asada,Comida,2,3600
371,2026-06-11 20:33:00,102,1,Taco al Pastor,Comida,2,3000
372,2026-06-11 13:06:00,103,4,Agua de Horchata,Bebida,2,1600
373,2026-06-11 23:33:00,102,1,Taco al Pastor,Comida,3,4500
374,2026-06-11 14:25:00,103,2,Taco de Asada,Comida,2,3600
375,2026-06-11 23:00:00,103,4,Agua de Horchata,Bebida,2,1600
376,2026-06-11 19:24:00,102,5,Gaseosa,Bebida,3,3000
377,2026-06-11 14:05:00,101,3,Quesadilla,Comida,1,2000
378,2026-06-11 15:32:00,102,2,Taco de Asada,Comida,2,3600
379,2026-06-11 12:01:00,103,5,Gaseosa,Bebida,1,1000
380,2026-06-11 14:43:00,102,3,Quesadilla,Comida,2,4000
381,2026-06-11 12:13:00,101,4,Agua de Horchata,Bebida,4,3200
382,2026-06-11 15:13:00,103,5,Gaseosa,Bebida,3,3000
383,2026-06-11 15:39:00,103,4,Agua de Horchata,Bebida,4,3200
384,2026-06-11 12:32:00,103,5,Gaseosa,Bebida,4,4000
385,2026-06-11 12:12:00,103,4,Agua de Horchata,Bebida,1,800
386,2026-06-11 20:47:00,103,1,Taco al Pastor,Comida,2,3000
387,2026-06-11 20:03:00,103,2,Taco de Asada,Comida,2,3600
388,2026-06-11 21:13:00,101,3,Quesadilla,Comida,1,2000
389,2026-06-11 21:25:00,101,1,Taco al Pastor,Comida,2,3000
390,2026-06-11 15:55:00,103,5,Gaseosa,Bebida,1,1000
391,2026-06-11 14:35:00,103,2,Taco de Asada,Comida,3,5400
392,2026-06-11 14:43:00,101,1,Taco al Pastor,Comida,2,3000
393,2026-06-11 19:16:00,103,1,Taco al Pastor,Comida,2,3000
394,2026-06-11 12:02:00,102,3,Quesadilla,Comida,4,8000
395,2026-06-11 14:25:00,103,2,Taco de Asada,Comida,3,5400
396,2026-06-11 14:02:00,101,3,Quesadilla,Comida,3,6000
397,2026-06-11 22:39:00,101,1,Taco al Pastor,Comida,2,3000
398,2026-06-12 12:36:00,102,4,Agua de Horchata,Bebida,2,1600
399,2026-06-12 13:13:00,101,4,Agua de Horchata,Bebida,3,2400
400,2026-06-12 19:07:00,102,3,Quesadilla,Comida,2,4000
401,2026-06-12 13:49:00,101,4,Agua de Horchata,Bebida,2,1600
402,2026-06-12 15:18:00,101,4,Agua de Horchata,Bebida,1,800
403,2026-06-12 13:18:00,103,3,Quesadilla,Comida,2,4000
404,2026-06-12 15:31:00,101,4,Agua de Horchata,Bebida,2,1600
405,2026-06-12 20:00:00,101,4,Agua de Horchata,Bebida,2,1600
406,2026-06-12 23:30:00,103,4,Agua de Horchata,Bebida,1,800
407,2026-06-12 20:37:00,103,1,Taco al Pastor,Comida,4,6000
408,2026-06-12 23:02:00,102,1,Taco al Pastor,Comida,2,3000
409,2026-06-12 14:43:00,102,3,Quesadilla,Comida,3,6000
410,2026-06-12 13:21:00,102,2,Taco de Asada,Comida,1,1800
411,2026-06-12 19:18:00,102,5,Gaseosa,Bebida,3,3000
412,2026-06-12 13:28:00,103,1,Taco al Pastor,Comida,3,4500
413,2026-06-12 15:01:00,102,5,Gaseosa,Bebida,4,4000
414,2026-06-12 13:26:00,101,3,Quesadilla,Comida,3,6000
415,2026-06-12 21:17:00,102,2,Taco de Asada,Comida,2,3600
416,2026-06-12 20:26:00,102,3,Quesadilla,Comida,2,4000
417,2026-06-12 15:42:00,102,3,Quesadilla,Comida,2,4000
418,2026-06-12 23:13:00,103,4,Agua de Horchata,Bebida,3,2400
419,2026-06-12 22:12:00,101,1,Taco al Pastor,Comida,2,3000
420,2026-06-12 21:56:00,101,1,Taco al Pastor,Comida,2,3000
421,2026-06-12 19:03:00,103,4,Agua de Horchata,Bebida,2,1600
422,2026-06-12 15:43:00,101,2,Taco de Asada,Comida,4,7200
423,2026-06-12 15:01:00,102,1,Taco al Pastor,Comida,3,4500
424,2026-06-12 21:34:00,101,4,Agua de Horchata,Bebida,3,2400
425,2026-06-12 21:14:00,101,4,Agua de Horchata,Bebida,2,1600
426,2026-06-12 21:22:00,103,5,Gaseosa,Bebida,2,2000
427,2026-06-12 12:52:00,102,5,Gaseosa,Bebida,4,4000
428,2026-06-12 14:30:00,103,3,Quesadilla,Comida,3,6000
429,2026-06-12 15:37:00,103,1,Taco al Pastor,Comida,3,4500
430,2026-06-12 15:52:00,101,5,Gaseosa,Bebida,1,1000
431,2026-06-12 14:56:00,102,2,Taco de Asada,Comida,1,1800
432,2026-06-12 13:38:00,102,1,Taco al Pastor,Comida,4,6000
433,2026-06-12 14:45:00,103,2,Taco de Asada,Comida,3,5400
434,2026-06-12 20:42:00,102,3,Quesadilla,Comida,4,8000
435,2026-06-12 23:59:00,103,5,Gaseosa,Bebida,1,1000
436,2026-06-12 21:17:00,102,5,Gaseosa,Bebida,3,3000
437,2026-06-12 19:24:00,102,4,Agua de Horchata,Bebida,3,2400
438,2026-06-12 20:06:00,101,2,Taco de Asada,Comida,2,3600
439,2026-06-12 13:49:00,102,2,Taco de Asada,Comida,3,5400
440,2026-06-12 14:30:00,101,2,Taco de Asada,Comida,2,3600
441,2026-06-12 13:13:00,102,3,Quesadilla,Comida,1,2000
442,2026-06-12 23:03:00,102,4,Agua de Horchata,Bebida,2,1600
443,2026-06-13 19:17:00,102,2,Taco de Asada,Comida,4,7200
444,2026-06-13 13:01:00,103,3,Quesadilla,Comida,3,6000
445,2026-06-13 12:08:00,101,5,Gaseosa,Bebida,2,2000
446,2026-06-13 23:05:00,101,1,Taco al Pastor,Comida,2,3000
447,2026-06-13 20:46:00,101,1,Taco al Pastor,Comida,2,3000
448,2026-06-13 15:55:00,101,3,Quesadilla,Comida,2,4000
449,2026-06-13 20:20:00,102,1,Taco al Pastor,Comida,3,4500
450,2026-06-13 13:35:00,101,3,Quesadilla,Comida,1,2000
451,2026-06-13 23:54:00,101,5,Gaseosa,Bebida,2,2000
452,2026-06-13 13:55:00,101,3,Quesadilla,Comida,1,2000
453,2026-06-13 14:44:00,103,5,Gaseosa,Bebida,2,2000
454,2026-06-13 15:49:00,103,3,Quesadilla,Comida,2,4000
455,2026-06-13 20:31:00,103,4,Agua de Horchata,Bebida,2,1600
456,2026-06-13 19:44:00,103,1,Taco al Pastor,Comida,2,3000
457,2026-06-13 13:32:00,102,2,Taco de Asada,Comida,2,3600
458,2026-06-13 15:51:00,102,5,Gaseosa,Bebida,2,2000
459,2026-06-13 20:51:00,102,1,Taco al Pastor,Comida,2,3000
460,2026-06-13 12:06:00,101,5,Gaseosa,Bebida,2,2000
461,2026-06-13 13:17:00,101,5,Gaseosa,Bebida,2,2000
462,2026-06-13 22:03:00,102,1,Taco al Pastor,Comida,1,1500
463,2026-06-13 20:17:00,102,4,Agua de Horchata,Bebida,2,1600
464,2026-06-13 15:19:00,103,2,Taco de Asada,Comida,2,3600
465,2026-06-13 20:08:00,101,1,Taco al Pastor,Comida,2,3000
466,2026-06-13 19:22:00,101,4,Agua de Horchata,Bebida,3,2400
467,2026-06-13 23:04:00,101,2,Taco de Asada,Comida,2,3600
468,2026-06-13 21:03:00,103,4,Agua de Horchata,Bebida,1,800
469,2026-06-13 20:07:00,101,1,Taco al Pastor,Comida,1,1500
470,2026-06-13 12:19:00,101,4,Agua de Horchata,Bebida,3,2400
471,2026-06-13 20:12:00,103,1,Taco al Pastor,Comida,1,1500
472,2026-06-13 14:27:00,102,2,Taco de Asada,Comida,2,3600
473,2026-06-13 22:47:00,103,1,Taco al Pastor,Comida,3,4500
474,2026-06-13 23:01:00,103,1,Taco al Pastor,Comida,3,4500
475,2026-06-13 23:29:00,101,3,Quesadilla,Comida,3,6000
476,2026-06-13 12:55:00,101,5,Gaseosa,Bebida,2,2000
477,2026-06-13 14:04:00,102,3,Quesadilla,Comida,2,4000
478,2026-06-13 12:08:00,102,2,Taco de Asada,Comida,2,3600
479,2026-06-13 20:10:00,101,1,Taco al Pastor,Comida,3,4500
480,2026-06-13 13:23:00,101,2,Taco de Asada,Comida,2,3600
481,2026-06-13 15:22:00,101,2,Taco de Asada,Comida,1,1800
482,2026-06-13 21:25:00,102,3,Quesadilla,Comida,2,4000
483,2026-06-13 12:03:00,103,2,Taco de Asada,Comida,2,3600
484,2026-06-13 22:38:00,101,3,Quesadilla,Comida,2,4000
485,2026-06-13 19:56:00,102,4,Agua de Horchata,Bebida,4,3200
486,2026-06-13 14:07:00,103,1,Taco al Pastor,Comida,2,3000
487,2026-06-13 15:33:00,102,4,Agua de Horchata,Bebida,2,1600
488,2026-06-13 21:12:00,101,3,Quesadilla,Comida,2,4000
489,2026-06-13 13:02:00,101,5,Gaseosa,Bebida,4,4000
490,2026-06-13 23:55:00,102,1,Taco al Pastor,Comida,2,3000
491,2026-06-13 20:37:00,102,2,Taco de Asada,Comida,2,3600
492,2026-06-13 22:45:00,102,1,Taco al Pastor,Comida,3,4500
493,2026-06-13 23:30:00,102,3,Quesadilla,Comida,2,4000
494,2026-06-13 19:39:00,103,3,Quesadilla,Comida,3,6000
495,2026-06-13 22:47:00,103,2,Taco de Asada,Comida,2,3600
496,2026-06-13 15:44:00,102,3,Quesadilla,Comida,1,2000
497,2026-06-13 12:36:00,102,4,Agua de Horchata,Bebida,2,1600
498,2026-06-13 23:51:00,103,5,Gaseosa,Bebida,1,1000
499,2026-06-13 21:21:00,103,3,Quesadilla,Comida,4,8000
500,2026-06-13 13:00:00,102,2,Taco de Asada,Comida,2,3600
501,2026-06-13 12:40:00,102,1,Taco al Pastor,Comida,1,1500
502,2026-06-13 22:15:00,102,4,Agua de Horchata,Bebida,2,1600
503,2026-06-13 19:07:00,103,3,Quesadilla,Comida,2,4000
504,2026-06-13 20:21:00,101,1,Taco al Pastor,Comida,4,6000
505,2026-06-13 13:46:00,101,2,Taco de Asada,Comida,2,3600
506,2026-06-13 20:17:00,101,5,Gaseosa,Bebida,1,1000
507,2026-06-13 22:25:00,103,4,Agua de Horchata,Bebida,2,1600
508,2026-06-13 21:14:00,102,3,Quesadilla,Comida,4,8000
509,2026-06-13 21:40:00,101,3,Quesadilla,Comida,2,4000
510,2026-06-13 22:50:00,102,3,Quesadilla,Comida,2,4000
511,2026-06-14 14:21:00,102,4,Agua de Horchata,Bebida,2,1600
512,2026-06-14 12:06:00,103,1,Taco al Pastor,Comida,2,3000
513,2026-06-14 15:46:00,101,5,Gaseosa,Bebida,2,2000
514,2026-06-14 13:21:00,101,5,Gaseosa,Bebida,2,2000
515,2026-06-14 20:55:00,101,3,Quesadilla,Comida,1,2000
516,2026-06-14 13:00:00,102,2,Taco de Asada,Comida,2,3600
517,2026-06-14 19:41:00,101,4,Agua de Horchata,Bebida,2,1600
518,2026-06-14 15:02:00,103,3,Quesadilla,Comida,2,4000
519,2026-06-14 14:54:00,101,1,Taco al Pastor,Comida,2,3000
520,2026-06-14 12:26:00,102,2,Taco de Asada,Comida,2,3600
521,2026-06-14 23:42:00,101,5,Gaseosa,Bebida,1,1000
522,2026-06-14 14:08:00,101,3,Quesadilla,Comida,2,4000
523,2026-06-14 22:12:00,103,1,Taco al Pastor,Comida,1,1500
524,2026-06-14 20:00:00,101,3,Quesadilla,Comida,2,4000
525,2026-06-14 13:32:00,103,4,Agua de Horchata,Bebida,2,1600
526,2026-06-14 21:15:00,103,5,Gaseosa,Bebida,2,2000
527,2026-06-14 12:07:00,101,5,Gaseosa,Bebida,2,2000
528,2026-06-14 23:42:00,101,3,Quesadilla,Comida,2,4000
529,2026-06-14 14:58:00,101,1,Taco al Pastor,Comida,2,3000
530,2026-06-14 13:40:00,102,4,Agua de Horchata,Bebida,4,3200
531,2026-06-14 20:27:00,103,5,Gaseosa,Bebida,2,2000
532,2026-06-14 12:11:00,102,4,Agua de Horchata,Bebida,2,1600
533,2026-06-14 20:57:00,101,4,Agua de Horchata,Bebida,2,1600
534,2026-06-14 12:27:00,103,3,Quesadilla,Comida,2,4000
535,2026-06-14 19:50:00,103,2,Taco de Asada,Comida,3,5400
536,2026-06-14 22:16:00,101,5,Gaseosa,Bebida,1,1000
537,2026-06-14 15:14:00,102,3,Quesadilla,Comida,1,2000
538,2026-06-14 19:21:00,101,2,Taco de Asada,Comida,2,3600
539,2026-06-14 15:54:00,102,5,Gaseosa,Bebida,2,2000
540,2026-06-14 13:40:00,103,1,Taco al Pastor,Comida,1,1500
541,2026-06-14 15:33:00,102,2,Taco de Asada,Comida,2,3600
542,2026-06-14 21:44:00,101,5,Gaseosa,Bebida,2,2000
543,2026-06-14 12:35:00,103,2,Taco de Asada,Comida,4,7200
544,2026-06-14 13:04:00,101,2,Taco de Asada,Comida,3,5400
545,2026-06-14 20:51:00,102,4,Agua de Horchata,Bebida,1,800
546,2026-06-14 12:08:00,101,1,Taco al Pastor,Comida,2,3000
547,2026-06-14 22:03:00,101,1,Taco al Pastor,Comida,2,3000
548,2026-06-14 14:39:00,101,5,Gaseosa,Bebida,3,3000
549,2026-06-14 14:27:00,102,2,Taco de Asada,Comida,2,3600
550,2026-06-14 23:56:00,102,4,Agua de Horchata,Bebida,1,800
551,2026-06-14 12:42:00,102,1,Taco al Pastor,Comida,3,4500
552,2026-06-14 20:03:00,101,1,Taco al Pastor,Comida,1,1500
553,2026-06-14 21:44:00,103,5,Gaseosa,Bebida,2,2000
554,2026-06-14 20:19:00,102,3,Quesadilla,Comida,2,4000
555,2026-06-14 19:52:00,103,5,Gaseosa,Bebida,3,3000
556,2026-06-14 20:13:00,101,4,Agua de Horchata,Bebida,2,1600
557,2026-06-14 14:38:00,102,3,Quesadilla,Comida,2,4000
558,2026-06-14 13:48:00,103,5,Gaseosa,Bebida,3,3000
559,2026-06-14 13:28:00,103,5,Gaseosa,Bebida,2,2000
560,2026-06-14 22:42:00,102,4,Agua de Horchata,Bebida,2,1600
561,2026-06-14 19:05:00,101,1,Taco al Pastor,Comida,2,3000
562,2026-06-14 15:53:00,101,1,Taco al Pastor,Comida,3,4500
563,2026-06-14 22:15:00,103,4,Agua de Horchata,Bebida,1,800
564,2026-06-14 21:33:00,103,4,Agua de Horchata,Bebida,2,1600
565,2026-06-14 14:06:00,103,3,Quesadilla,Comida,3,6000
566,2026-06-14 15:50:00,102,4,Agua de Horchata,Bebida,1,800
567,2026-06-14 13:05:00,101,2,Taco de Asada,Comida,2,3600
568,2026-06-14 20:48:00,101,3,Quesadilla,Comida,1,2000
569,2026-06-15 20:05:00,103,1,Taco al Pastor,Comida,1,1500
570,2026-06-15 21:49:00,102,1,Taco al Pastor,Comida,4,6000
571,2026-06-15 21:09:00,103,4,Agua de Horchata,Bebida,3,2400
572,2026-06-15 15:52:00,103,2,Taco de Asada,Comida,4,7200
573,2026-06-15 13:28:00,101,2,Taco de Asada,Comida,2,3600
574,2026-06-15 19:24:00,103,5,Gaseosa,Bebida,1,1000
575,2026-06-15 12:38:00,103,1,Taco al Pastor,Comida,2,3000
576,2026-06-15 14:31:00,101,2,Taco de Asada,Comida,3,5400
577,2026-06-15 23:33:00,103,3,Quesadilla,Comida,3,6000
578,2026-06-15 13:56:00,102,2,Taco de Asada,Comida,2,3600
579,2026-06-15 13:32:00,103,1,Taco al Pastor,Comida,3,4500
580,2026-06-15 19:12:00,103,2,Taco de Asada,Comida,2,3600
581,2026-06-15 13:22:00,103,5,Gaseosa,Bebida,2,2000
582,2026-06-15 23:47:00,101,1,Taco al Pastor,Comida,4,6000
583,2026-06-15 19:11:00,103,2,Taco de Asada,Comida,1,1800
584,2026-06-15 19:56:00,102,5,Gaseosa,Bebida,2,2000
585,2026-06-15 15:00:00,101,3,Quesadilla,Comida,4,8000
586,2026-06-15 14:54:00,103,3,Quesadilla,Comida,2,4000
587,2026-06-15 19:06:00,102,5,Gaseosa,Bebida,1,1000
588,2026-06-15 13:52:00,102,2,Taco de Asada,Comida,2,3600
589,2026-06-15 15:46:00,102,1,Taco al Pastor,Comida,1,1500
590,2026-06-15 19:08:00,102,1,Taco al Pastor,Comida,1,1500
591,2026-06-15 19:38:00,103,1,Taco al Pastor,Comida,2,3000
592,2026-06-15 19:36:00,103,5,Gaseosa,Bebida,2,2000
593,2026-06-15 20:08:00,103,3,Quesadilla,Comida,2,4000
594,2026-06-15 21:27:00,103,1,Taco al Pastor,Comida,1,1500
595,2026-06-15 23:31:00,103,1,Taco al Pastor,Comida,2,3000
596,2026-06-15 15:44:00,102,5,Gaseosa,Bebida,2,2000
597,2026-06-15 23:24:00,101,5,Gaseosa,Bebida,3,3000
598,2026-06-15 14:54:00,101,1,Taco al Pastor,Comida,3,4500
599,2026-06-15 12:11:00,102,2,Taco de Asada,Comida,2,3600
600,2026-06-15 12:39:00,103,4,Agua de Horchata,Bebida,3,2400
601,2026-06-15 21:05:00,102,1,Taco al Pastor,Comida,2,3000
602,2026-06-15 15:57:00,101,2,Taco de Asada,Comida,2,3600
603,2026-06-15 20:35:00,101,4,Agua de Horchata,Bebida,2,1600
604,2026-06-15 13:41:00,103,2,Taco de Asada,Comida,2,3600
605,2026-06-15 13:32:00,101,1,Taco al Pastor,Comida,1,1500
606,2026-06-16 23:34:00,102,4,Agua de Horchata,Bebida,1,800
607,2026-06-16 20:59:00,101,1,Taco al Pastor,Comida,2,3000
608,2026-06-16 21:43:00,103,1,Taco al Pastor,Comida,3,4500
609,2026-06-16 15:33:00,102,1,Taco al Pastor,Comida,2,3000
610,2026-06-16 21:08:00,103,4,Agua de Horchata,Bebida,2,1600
611,2026-06-16 12:52:00,101,2,Taco de Asada,Comida,2,3600
612,2026-06-16 19:07:00,103,2,Taco de Asada,Comida,1,1800
613,2026-06-16 14:50:00,103,1,Taco al Pastor,Comida,2,3000
614,2026-06-16 12:39:00,103,4,Agua de Horchata,Bebida,1,800
615,2026-06-16 13:17:00,102,5,Gaseosa,Bebida,3,3000
616,2026-06-16 20:40:00,101,1,Taco al Pastor,Comida,4,6000
617,2026-06-16 12:33:00,103,1,Taco al Pastor,Comida,2,3000
618,2026-06-16 22:01:00,102,4,Agua de Horchata,Bebida,3,2400
619,2026-06-16 19:24:00,102,5,Gaseosa,Bebida,1,1000
620,2026-06-16 12:44:00,103,2,Taco de Asada,Comida,1,1800
621,2026-06-16 12:15:00,102,1,Taco al Pastor,Comida,1,1500
622,2026-06-16 23:20:00,102,5,Gaseosa,Bebida,2,2000
623,2026-06-16 20:58:00,103,5,Gaseosa,Bebida,2,2000
624,2026-06-16 22:28:00,102,2,Taco de Asada,Comida,2,3600
625,2026-06-16 13:02:00,101,5,Gaseosa,Bebida,3,3000
626,2026-06-16 20:52:00,101,3,Quesadilla,Comida,2,4000
627,2026-06-16 15:31:00,103,3,Quesadilla,Comida,2,4000
628,2026-06-16 21:47:00,103,1,Taco al Pastor,Comida,2,3000
629,2026-06-16 21:10:00,102,2,Taco de Asada,Comida,1,1800
630,2026-06-16 14:31:00,103,3,Quesadilla,Comida,2,4000
631,2026-06-17 21:20:00,102,4,Agua de Horchata,Bebida,2,1600
632,2026-06-17 22:48:00,102,3,Quesadilla,Comida,2,4000
633,2026-06-17 15:28:00,103,3,Quesadilla,Comida,3,6000
634,2026-06-17 22:46:00,101,4,Agua de Horchata,Bebida,2,1600
635,2026-06-17 15:38:00,101,1,Taco al Pastor,Comida,2,3000
636,2026-06-17 22:30:00,103,2,Taco de Asada,Comida,3,5400
637,2026-06-17 19:29:00,101,5,Gaseosa,Bebida,3,3000
638,2026-06-17 20:35:00,103,5,Gaseosa,Bebida,2,2000
639,2026-06-17 23:40:00,102,1,Taco al Pastor,Comida,3,4500
640,2026-06-17 23:37:00,102,4,Agua de Horchata,Bebida,2,1600
641,2026-06-17 22:03:00,103,4,Agua de Horchata,Bebida,2,1600
642,2026-06-17 14:07:00,103,3,Quesadilla,Comida,2,4000
643,2026-06-17 22:37:00,101,2,Taco de Asada,Comida,2,3600
644,2026-06-17 21:00:00,101,3,Quesadilla,Comida,3,6000
645,2026-06-17 14:24:00,102,4,Agua de Horchata,Bebida,2,1600
646,2026-06-17 20:15:00,103,2,Taco de Asada,Comida,2,3600
647,2026-06-17 21:44:00,103,4,Agua de Horchata,Bebida,2,1600
648,2026-06-17 12:16:00,103,3,Quesadilla,Comida,2,4000
649,2026-06-17 23:32:00,103,2,Taco de Asada,Comida,2,3600
650,2026-06-17 21:38:00,103,3,Quesadilla,Comida,2,4000
651,2026-06-17 22:43:00,102,5,Gaseosa,Bebida,4,4000
652,2026-06-17 13:22:00,101,2,Taco de Asada,Comida,2,3600
653,2026-06-17 22:44:00,101,3,Quesadilla,Comida,3,6000
654,2026-06-17 13:09:00,102,3,Quesadilla,Comida,3,6000
655,2026-06-17 21:26:00,102,2,Taco de Asada,Comida,3,5400
656,2026-06-17 21:08:00,103,1,Taco al Pastor,Comida,3,4500
657,2026-06-18 12:38:00,102,5,Gaseosa,Bebida,3,3000
658,2026-06-18 13:54:00,103,3,Quesadilla,Comida,3,6000
659,2026-06-18 12:34:00,101,5,Gaseosa,Bebida,2,2000
660,2026-06-18 13:59:00,103,3,Quesadilla,Comida,2,4000
661,2026-06-18 12:14:00,101,5,Gaseosa,Bebida,3,3000
662,2026-06-18 20:36:00,103,5,Gaseosa,Bebida,1,1000
663,2026-06-18 23:58:00,103,3,Quesadilla,Comida,2,4000
664,2026-06-18 14:16:00,103,4,Agua de Horchata,Bebida,3,2400
665,2026-06-18 22:03:00,102,3,Quesadilla,Comida,2,4000
666,2026-06-18 12:17:00,103,5,Gaseosa,Bebida,2,2000
667,2026-06-18 22:45:00,103,5,Gaseosa,Bebida,2,2000
668,2026-06-18 23:07:00,101,2,Taco de Asada,Comida,2,3600
669,2026-06-18 13:04:00,102,3,Quesadilla,Comida,3,6000
670,2026-06-18 15:00:00,103,3,Quesadilla,Comida,3,6000
671,2026-06-18 22:46:00,102,5,Gaseosa,Bebida,1,1000
672,2026-06-18 23:10:00,103,5,Gaseosa,Bebida,2,2000
673,2026-06-18 13:00:00,102,3,Quesadilla,Comida,2,4000
674,2026-06-18 14:27:00,102,5,Gaseosa,Bebida,1,1000
675,2026-06-18 14:53:00,103,3,Quesadilla,Comida,2,4000
676,2026-06-18 14:08:00,102,2,Taco de Asada,Comida,1,1800
677,2026-06-18 19:02:00,103,2,Taco de Asada,Comida,2,3600
678,2026-06-18 23:05:00,101,5,Gaseosa,Bebida,4,4000
679,2026-06-18 19:21:00,102,3,Quesadilla,Comida,1,2000
680,2026-06-18 15:35:00,102,3,Quesadilla,Comida,4,8000
681,2026-06-18 15:41:00,101,5,Gaseosa,Bebida,2,2000
682,2026-06-18 14:23:00,102,5,Gaseosa,Bebida,2,2000
683,2026-06-18 22:55:00,103,5,Gaseosa,Bebida,2,2000
684,2026-06-18 20:27:00,103,3,Quesadilla,Comida,3,6000
685,2026-06-18 13:12:00,102,4,Agua de Horchata,Bebida,1,800
686,2026-06-18 21:09:00,103,4,Agua de Horchata,Bebida,3,2400
687,2026-06-18 21:32:00,103,3,Quesadilla,Comida,2,4000
688,2026-06-18 23:49:00,102,5,Gaseosa,Bebida,2,2000
689,2026-06-18 12:21:00,103,2,Taco de Asada,Comida,2,3600
690,2026-06-18 15:16:00,101,4,Agua de Horchata,Bebida,1,800
691,2026-06-18 14:19:00,101,2,Taco de Asada,Comida,1,1800
692,2026-06-18 22:46:00,101,3,Quesadilla,Comida,3,6000
693,2026-06-19 13:26:00,103,5,Gaseosa,Bebida,2,2000
694,2026-06-19 15:58:00,103,1,Taco al Pastor,Comida,2,3000
695,2026-06-19 15:19:00,103,5,Gaseosa,Bebida,2,2000
696,2026-06-19 15:24:00,103,5,Gaseosa,Bebida,4,4000
697,2026-06-19 12:38:00,101,3,Quesadilla,Comida,1,2000
698,2026-06-19 14:15:00,103,4,Agua de Horchata,Bebida,3,2400
699,2026-06-19 20:59:00,103,5,Gaseosa,Bebida,2,2000
700,2026-06-19 23:10:00,103,3,Quesadilla,Comida,2,4000
701,2026-06-19 15:36:00,103,2,Taco de Asada,Comida,2,3600
702,2026-06-19 23:53:00,101,3,Quesadilla,Comida,2,4000
703,2026-06-19 14:45:00,102,2,Taco de Asada,Comida,1,1800
704,2026-06-19 15:28:00,101,1,Taco al Pastor,Comida,4,6000
705,2026-06-19 13:52:00,103,1,Taco al Pastor,Comida,2,3000
706,2026-06-19 14:25:00,102,1,Taco al Pastor,Comida,3,4500
707,2026-06-19 13:26:00,102,2,Taco de Asada,Comida,2,3600
708,2026-06-19 23:53:00,103,5,Gaseosa,Bebida,1,1000
709,2026-06-19 12:28:00,103,1,Taco al Pastor,Comida,3,4500
710,2026-06-19 20:02:00,101,2,Taco de Asada,Comida,3,5400
711,2026-06-19 21:06:00,102,3,Quesadilla,Comida,3,6000
712,2026-06-19 22:25:00,103,4,Agua de Horchata,Bebida,2,1600
713,2026-06-19 20:58:00,101,1,Taco al Pastor,Comida,1,1500
714,2026-06-19 15:42:00,102,3,Quesadilla,Comida,4,8000
715,2026-06-19 21:44:00,102,5,Gaseosa,Bebida,2,2000
716,2026-06-19 22:48:00,102,5,Gaseosa,Bebida,2,2000
717,2026-06-19 13:58:00,101,4,Agua de Horchata,Bebida,2,1600
718,2026-06-19 12:44:00,101,5,Gaseosa,Bebida,1,1000
719,2026-06-19 15:18:00,103,5,Gaseosa,Bebida,2,2000
720,2026-06-19 14:04:00,102,1,Taco al Pastor,Comida,3,4500
721,2026-06-19 14:20:00,103,4,Agua de Horchata,Bebida,3,2400
722,2026-06-19 19:17:00,103,2,Taco de Asada,Comida,3,5400
723,2026-06-19 14:10:00,101,4,Agua de Horchata,Bebida,2,1600
724,2026-06-19 21:06:00,102,3,Quesadilla,Comida,2,4000
725,2026-06-19 19:02:00,103,2,Taco de Asada,Comida,1,1800
726,2026-06-19 14:48:00,101,1,Taco al Pastor,Comida,2,3000
727,2026-06-19 20:27:00,102,5,Gaseosa,Bebida,3,3000
728,2026-06-19 13:53:00,103,1,Taco al Pastor,Comida,2,3000
729,2026-06-19 19:57:00,103,4,Agua de Horchata,Bebida,2,1600
730,2026-06-19 23:57:00,101,5,Gaseosa,Bebida,2,2000
731,2026-06-19 15:57:00,102,5,Gaseosa,Bebida,2,2000
732,2026-06-19 14:18:00,103,1,Taco al Pastor,Comida,2,3000
733,2026-06-19 12:59:00,102,3,Quesadilla,Comida,2,4000
734,2026-06-19 19:52:00,103,3,Quesadilla,Comida,3,6000
735,2026-06-19 19:35:00,103,2,Taco de Asada,Comida,2,3600
736,2026-06-19 13:24:00,103,3,Quesadilla,Comida,3,6000
737,2026-06-19 23:17:00,101,2,Taco de Asada,Comida,3,5400
738,2026-06-19 13:13:00,102,5,Gaseosa,Bebida,2,2000
739,2026-06-19 21:12:00,102,1,Taco al Pastor,Comida,3,4500
740,2026-06-19 21:00:00,101,1,Taco al Pastor,Comida,3,4500
741,2026-06-19 14:29:00,103,1,Taco al Pastor,Comida,1,1500
742,2026-06-19 14:09:00,103,4,Agua de Horchata,Bebida,4,3200
743,2026-06-19 15:48:00,101,3,Quesadilla,Comida,2,4000
744,2026-06-19 22:43:00,101,5,Gaseosa,Bebida,1,1000
745,2026-06-19 14:53:00,101,3,Quesadilla,Comida,2,4000
746,2026-06-19 12:23:00,101,3,Quesadilla,Comida,2,4000
747,2026-06-19 20:50:00,103,1,Taco al Pastor,Comida,2,3000
748,2026-06-19 13:52:00,102,4,Agua de Horchata,Bebida,2,1600
749,2026-06-19 19:42:00,102,1,Taco al Pastor,Comida,3,4500
750,2026-06-20 13:27:00,102,3,Quesadilla,Comida,3,6000
751,2026-06-20 15:37:00,102,3,Quesadilla,Comida,4,8000
752,2026-06-20 22:48:00,103,3,Quesadilla,Comida,4,8000
753,2026-06-20 23:11:00,102,2,Taco de Asada,Comida,4,7200
754,2026-06-20 13:39:00,103,1,Taco al Pastor,Comida,2,3000
755,2026-06-20 19:22:00,101,4,Agua de Horchata,Bebida,2,1600
756,2026-06-20 14:53:00,103,2,Taco de Asada,Comida,4,7200
757,2026-06-20 23:20:00,103,2,Taco de Asada,Comida,2,3600
758,2026-06-20 13:30:00,103,2,Taco de Asada,Comida,3,5400
759,2026-06-20 15:14:00,101,5,Gaseosa,Bebida,1,1000
760,2026-06-20 19:37:00,102,3,Quesadilla,Comida,2,4000
761,2026-06-20 23:07:00,101,5,Gaseosa,Bebida,2,2000
762,2026-06-20 13:57:00,101,4,Agua de Horchata,Bebida,1,800
763,2026-06-20 14:25:00,101,2,Taco de Asada,Comida,4,7200
764,2026-06-20 12:26:00,102,2,Taco de Asada,Comida,1,1800
765,2026-06-20 15:31:00,103,3,Quesadilla,Comida,2,4000
766,2026-06-20 12:14:00,103,4,Agua de Horchata,Bebida,3,2400
767,2026-06-20 21:49:00,103,5,Gaseosa,Bebida,3,3000
768,2026-06-20 13:50:00,101,4,Agua de Horchata,Bebida,2,1600
769,2026-06-20 12:30:00,101,2,Taco de Asada,Comida,4,7200
770,2026-06-20 12:52:00,102,2,Taco de Asada,Comida,2,3600
771,2026-06-20 20:05:00,103,4,Agua de Horchata,Bebida,2,1600
772,2026-06-20 22:46:00,103,3,Quesadilla,Comida,2,4000
773,2026-06-20 12:03:00,102,5,Gaseosa,Bebida,3,3000
774,2026-06-20 15:46:00,102,1,Taco al Pastor,Comida,2,3000
775,2026-06-20 22:23:00,101,1,Taco al Pastor,Comida,3,4500
776,2026-06-20 21:19:00,102,2,Taco de Asada,Comida,1,1800
777,2026-06-20 23:35:00,101,2,Taco de Asada,Comida,3,5400
778,2026-06-20 12:44:00,101,3,Quesadilla,Comida,4,8000
779,2026-06-20 21:17:00,103,2,Taco de Asada,Comida,1,1800
780,2026-06-20 19:03:00,102,4,Agua de Horchata,Bebida,3,2400
781,2026-06-20 14:21:00,103,1,Taco al Pastor,Comida,2,3000
782,2026-06-20 23:07:00,102,4,Agua de Horchata,Bebida,2,1600
783,2026-06-20 23:38:00,101,2,Taco de Asada,Comida,1,1800
784,2026-06-20 12:38:00,102,3,Quesadilla,Comida,2,4000
785,2026-06-20 20:53:00,103,3,Quesadilla,Comida,2,4000
786,2026-06-20 19:21:00,103,4,Agua de Horchata,Bebida,2,1600
787,2026-06-20 20:09:00,103,5,Gaseosa,Bebida,3,3000
788,2026-06-20 14:16:00,102,1,Taco al Pastor,Comida,1,1500
789,2026-06-20 23:34:00,101,5,Gaseosa,Bebida,2,2000
790,2026-06-20 12:10:00,101,1,Taco al Pastor,Comida,2,3000
791,2026-06-20 22:29:00,102,2,Taco de Asada,Comida,4,7200
792,2026-06-20 13:00:00,101,5,Gaseosa,Bebida,2,2000
793,2026-06-20 12:01:00,101,1,Taco al Pastor,Comida,3,4500
794,2026-06-21 13:10:00,102,4,Agua de Horchata,Bebida,2,1600
795,2026-06-21 20:24:00,101,1,Taco al Pastor,Comida,1,1500
796,2026-06-21 12:21:00,102,3,Quesadilla,Comida,3,6000
797,2026-06-21 21:02:00,103,5,Gaseosa,Bebida,1,1000
798,2026-06-21 15:42:00,101,4,Agua de Horchata,Bebida,4,3200
799,2026-06-21 22:56:00,102,3,Quesadilla,Comida,2,4000
800,2026-06-21 22:55:00,102,3,Quesadilla,Comida,2,4000
801,2026-06-21 14:52:00,102,1,Taco al Pastor,Comida,1,1500
802,2026-06-21 14:17:00,103,3,Quesadilla,Comida,2,4000
803,2026-06-21 12:11:00,102,2,Taco de Asada,Comida,1,1800
804,2026-06-21 12:41:00,101,2,Taco de Asada,Comida,2,3600
805,2026-06-21 12:48:00,101,4,Agua de Horchata,Bebida,2,1600
806,2026-06-21 13:04:00,102,4,Agua de Horchata,Bebida,2,1600
807,2026-06-21 22:20:00,102,4,Agua de Horchata,Bebida,2,1600
808,2026-06-21 15:04:00,101,5,Gaseosa,Bebida,4,4000
809,2026-06-21 13:00:00,102,3,Quesadilla,Comida,1,2000
810,2026-06-21 13:29:00,103,3,Quesadilla,Comida,1,2000
811,2026-06-21 23:48:00,101,1,Taco al Pastor,Comida,3,4500
812,2026-06-21 13:38:00,103,1,Taco al Pastor,Comida,2,3000
813,2026-06-21 22:37:00,101,5,Gaseosa,Bebida,2,2000
814,2026-06-21 19:21:00,103,4,Agua de Horchata,Bebida,2,1600
815,2026-06-21 19:16:00,103,1,Taco al Pastor,Comida,3,4500
816,2026-06-21 21:46:00,103,5,Gaseosa,Bebida,2,2000
817,2026-06-21 14:18:00,102,4,Agua de Horchata,Bebida,3,2400
818,2026-06-21 14:35:00,101,5,Gaseosa,Bebida,1,1000
819,2026-06-21 15:01:00,101,4,Agua de Horchata,Bebida,1,800
820,2026-06-21 23:45:00,102,5,Gaseosa,Bebida,2,2000
821,2026-06-21 12:43:00,101,5,Gaseosa,Bebida,2,2000
822,2026-06-21 14:20:00,101,1,Taco al Pastor,Comida,2,3000
823,2026-06-21 23:31:00,101,2,Taco de Asada,Comida,2,3600
824,2026-06-21 15:24:00,103,5,Gaseosa,Bebida,1,1000
825,2026-06-21 14:52:00,101,3,Quesadilla,Comida,1,2000
826,2026-06-21 12:52:00,102,5,Gaseosa,Bebida,2,2000
827,2026-06-21 13:08:00,101,2,Taco de Asada,Comida,2,3600
828,2026-06-21 12:30:00,102,4,Agua de Horchata,Bebida,2,1600
829,2026-06-21 15:22:00,101,3,Quesadilla,Comida,1,2000
830,2026-06-21 19:43:00,101,2,Taco de Asada,Comida,2,3600
831,2026-06-21 15:09:00,103,2,Taco de Asada,Comida,2,3600
832,2026-06-21 13:49:00,102,2,Taco de Asada,Comida,2,3600
833,2026-06-21 20:43:00,101,4,Agua de Horchata,Bebida,4,3200
834,2026-06-21 12:54:00,101,5,Gaseosa,Bebida,2,2000
835,2026-06-21 15:11:00,102,3,Quesadilla,Comida,4,8000
836,2026-06-21 19:10:00,103,1,Taco al Pastor,Comida,2,3000
837,2026-06-21 19:09:00,103,5,Gaseosa,Bebida,2,2000
838,2026-06-21 12:55:00,103,5,Gaseosa,Bebida,1,1000
839,2026-06-21 15:01:00,103,5,Gaseosa,Bebida,2,2000
840,2026-06-21 23:09:00,103,3,Quesadilla,Comida,2,4000
841,2026-06-21 12:06:00,101,1,Taco al Pastor,Comida,2,3000
842,2026-06-21 23:45:00,102,1,Taco al Pastor,Comida,3,4500
843,2026-06-21 15:50:00,102,5,Gaseosa,Bebida,2,2000
844,2026-06-21 14:09:00,101,5,Gaseosa,Bebida,4,4000
845,2026-06-21 22:58:00,102,2,Taco de Asada,Comida,2,3600
846,2026-06-21 14:45:00,102,3,Quesadilla,Comida,3,6000
847,2026-06-21 12:22:00,101,2,Taco de Asada,Comida,2,3600
848,2026-06-21 13:56:00,102,1,Taco al Pastor,Comida,2,3000
849,2026-06-21 15:56:00,102,5,Gaseosa,Bebida,3,3000
850,2026-06-21 22:56:00,103,4,Agua de Horchata,Bebida,2,1600
851,2026-06-21 13:05:00,102,2,Taco de Asada,Comida,1,1800
852,2026-06-21 13:48:00,101,1,Taco al Pastor,Comida,1,1500
853,2026-06-22 15:03:00,103,4,Agua de Horchata,Bebida,3,2400
854,2026-06-22 22:24:00,102,5,Gaseosa,Bebida,2,2000
855,2026-06-22 19:36:00,102,3,Quesadilla,Comida,2,4000
856,2026-06-22 15:51:00,102,1,Taco al Pastor,Comida,2,3000
857,2026-06-22 13:04:00,103,5,Gaseosa,Bebida,2,2000
858,2026-06-22 19:09:00,101,5,Gaseosa,Bebida,3,3000
859,2026-06-22 23:05:00,102,2,Taco de Asada,Comida,2,3600
860,2026-06-22 22:46:00,103,1,Taco al Pastor,Comida,1,1500
861,2026-06-22 14:29:00,102,4,Agua de Horchata,Bebida,1,800
862,2026-06-22 21:29:00,103,4,Agua de Horchata,Bebida,2,1600
863,2026-06-22 12:55:00,101,2,Taco de Asada,Comida,2,3600
864,2026-06-22 21:18:00,103,1,Taco al Pastor,Comida,2,3000
865,2026-06-22 21:41:00,103,4,Agua de Horchata,Bebida,3,2400
866,2026-06-22 20:46:00,101,1,Taco al Pastor,Comida,2,3000
867,2026-06-22 21:02:00,103,5,Gaseosa,Bebida,3,3000
868,2026-06-22 22:22:00,102,1,Taco al Pastor,Comida,2,3000
869,2026-06-22 19:12:00,103,4,Agua de Horchata,Bebida,2,1600
870,2026-06-22 13:54:00,103,2,Taco de Asada,Comida,2,3600
871,2026-06-22 14:30:00,103,3,Quesadilla,Comida,3,6000
872,2026-06-22 20:17:00,102,2,Taco de Asada,Comida,1,1800
873,2026-06-22 12:41:00,103,1,Taco al Pastor,Comida,2,3000
874,2026-06-22 19:44:00,103,3,Quesadilla,Comida,1,2000
875,2026-06-22 14:35:00,101,5,Gaseosa,Bebida,1,1000
876,2026-06-22 13:15:00,101,3,Quesadilla,Comida,3,6000
877,2026-06-23 21:07:00,101,1,Taco al Pastor,Comida,3,4500
878,2026-06-23 13:12:00,101,1,Taco al Pastor,Comida,1,1500
879,2026-06-23 13:09:00,103,2,Taco de Asada,Comida,2,3600
880,2026-06-23 19:25:00,102,5,Gaseosa,Bebida,2,2000
881,2026-06-23 23:55:00,102,5,Gaseosa,Bebida,1,1000
882,2026-06-23 12:39:00,102,4,Agua de Horchata,Bebida,1,800
883,2026-06-23 22:15:00,103,5,Gaseosa,Bebida,2,2000
884,2026-06-23 14:02:00,101,3,Quesadilla,Comida,2,4000
885,2026-06-23 21:08:00,102,3,Quesadilla,Comida,2,4000
886,2026-06-23 22:33:00,101,5,Gaseosa,Bebida,1,1000
887,2026-06-23 15:38:00,101,5,Gaseosa,Bebida,2,2000
888,2026-06-23 13:27:00,103,3,Quesadilla,Comida,4,8000
889,2026-06-23 14:50:00,103,1,Taco al Pastor,Comida,2,3000
890,2026-06-23 12:12:00,101,5,Gaseosa,Bebida,3,3000
891,2026-06-23 20:32:00,101,5,Gaseosa,Bebida,1,1000
892,2026-06-23 21:20:00,102,3,Quesadilla,Comida,2,4000
893,2026-06-23 23:26:00,103,5,Gaseosa,Bebida,2,2000
894,2026-06-23 20:24:00,101,3,Quesadilla,Comida,1,2000
895,2026-06-23 22:24:00,102,2,Taco de Asada,Comida,2,3600
896,2026-06-23 20:36:00,101,5,Gaseosa,Bebida,3,3000
897,2026-06-23 12:49:00,103,4,Agua de Horchata,Bebida,2,1600
898,2026-06-23 12:38:00,102,4,Agua de Horchata,Bebida,2,1600
899,2026-06-23 23:29:00,102,2,Taco de Asada,Comida,2,3600
900,2026-06-23 22:42:00,101,1,Taco al Pastor,Comida,2,3000
901,2026-06-23 13:51:00,103,2,Taco de Asada,Comida,1,1800
902,2026-06-23 20:51:00,102,2,Taco de Asada,Comida,2,3600
903,2026-06-23 19:11:00,102,4,Agua de Horchata,Bebida,3,2400
904,2026-06-24 20:25:00,103,3,Quesadilla,Comida,1,2000
905,2026-06-24 13:08:00,103,2,Taco de Asada,Comida,3,5400
906,2026-06-24 21:23:00,101,3,Quesadilla,Comida,4,8000
907,2026-06-24 13:49:00,103,2,Taco de Asada,Comida,4,7200
908,2026-06-24 14:19:00,103,4,Agua de Horchata,Bebida,2,1600
909,2026-06-24 19:26:00,101,4,Agua de Horchata,Bebida,3,2400
910,2026-06-24 19:31:00,103,1,Taco al Pastor,Comida,1,1500
911,2026-06-24 23:33:00,101,5,Gaseosa,Bebida,1,1000
912,2026-06-24 12:05:00,103,2,Taco de Asada,Comida,2,3600
913,2026-06-24 13:39:00,103,1,Taco al Pastor,Comida,1,1500
914,2026-06-24 15:56:00,103,4,Agua de Horchata,Bebida,4,3200
915,2026-06-24 20:55:00,103,5,Gaseosa,Bebida,2,2000
916,2026-06-24 21:53:00,103,1,Taco al Pastor,Comida,3,4500
917,2026-06-24 22:05:00,103,5,Gaseosa,Bebida,2,2000
918,2026-06-24 12:32:00,101,5,Gaseosa,Bebida,1,1000
919,2026-06-24 20:26:00,101,5,Gaseosa,Bebida,3,3000
920,2026-06-24 12:01:00,101,1,Taco al Pastor,Comida,2,3000
921,2026-06-24 12:29:00,102,3,Quesadilla,Comida,2,4000
922,2026-06-24 21:53:00,103,3,Quesadilla,Comida,1,2000
923,2026-06-24 12:45:00,103,4,Agua de Horchata,Bebida,2,1600
924,2026-06-24 14:17:00,103,1,Taco al Pastor,Comida,3,4500
925,2026-06-24 21:15:00,103,5,Gaseosa,Bebida,2,2000
926,2026-06-24 14:13:00,101,3,Quesadilla,Comida,2,4000
927,2026-06-24 19:58:00,101,5,Gaseosa,Bebida,1,1000
928,2026-06-24 13:51:00,101,2,Taco de Asada,Comida,2,3600
929,2026-06-24 20:16:00,103,3,Quesadilla,Comida,2,4000
930,2026-06-25 12:21:00,102,1,Taco al Pastor,Comida,3,4500
931,2026-06-25 13:39:00,102,1,Taco al Pastor,Comida,2,3000
932,2026-06-25 22:20:00,102,1,Taco al Pastor,Comida,2,3000
933,2026-06-25 13:23:00,102,3,Quesadilla,Comida,2,4000
934,2026-06-25 22:16:00,103,4,Agua de Horchata,Bebida,1,800
935,2026-06-25 23:05:00,102,4,Agua de Horchata,Bebida,2,1600
936,2026-06-25 19:46:00,103,4,Agua de Horchata,Bebida,2,1600
937,2026-06-25 23:39:00,102,5,Gaseosa,Bebida,4,4000
938,2026-06-25 15:08:00,101,5,Gaseosa,Bebida,2,2000
939,2026-06-25 22:07:00,103,4,Agua de Horchata,Bebida,2,1600
940,2026-06-25 13:15:00,101,2,Taco de Asada,Comida,3,5400
941,2026-06-25 21:42:00,102,1,Taco al Pastor,Comida,1,1500
942,2026-06-25 12:00:00,102,2,Taco de Asada,Comida,1,1800
943,2026-06-25 22:22:00,102,5,Gaseosa,Bebida,1,1000
944,2026-06-25 15:27:00,103,4,Agua de Horchata,Bebida,2,1600
945,2026-06-25 14:20:00,102,2,Taco de Asada,Comida,4,7200
946,2026-06-25 21:19:00,102,5,Gaseosa,Bebida,2,2000
947,2026-06-25 14:48:00,103,5,Gaseosa,Bebida,4,4000
948,2026-06-25 13:14:00,101,4,Agua de Horchata,Bebida,3,2400
949,2026-06-25 23:13:00,102,4,Agua de Horchata,Bebida,2,1600
950,2026-06-25 15:01:00,103,5,Gaseosa,Bebida,2,2000
951,2026-06-26 23:20:00,101,5,Gaseosa,Bebida,2,2000
952,2026-06-26 13:56:00,103,4,Agua de Horchata,Bebida,2,1600
953,2026-06-26 22:17:00,101,2,Taco de Asada,Comida,1,1800
954,2026-06-26 20:24:00,103,5,Gaseosa,Bebida,3,3000
955,2026-06-26 12:51:00,101,4,Agua de Horchata,Bebida,4,3200
956,2026-06-26 19:03:00,101,4,Agua de Horchata,Bebida,2,1600
957,2026-06-26 14:44:00,101,1,Taco al Pastor,Comida,3,4500
958,2026-06-26 15:59:00,102,2,Taco de Asada,Comida,2,3600
959,2026-06-26 12:12:00,102,2,Taco de Asada,Comida,1,1800
960,2026-06-26 21:44:00,101,1,Taco al Pastor,Comida,2,3000
961,2026-06-26 21:26:00,101,5,Gaseosa,Bebida,1,1000
962,2026-06-26 15:14:00,102,1,Taco al Pastor,Comida,2,3000
963,2026-06-26 14:43:00,102,5,Gaseosa,Bebida,2,2000
964,2026-06-26 20:08:00,102,2,Taco de Asada,Comida,3,5400
965,2026-06-26 14:36:00,101,5,Gaseosa,Bebida,3,3000
966,2026-06-26 23:44:00,102,5,Gaseosa,Bebida,2,2000
967,2026-06-26 14:42:00,101,4,Agua de Horchata,Bebida,4,3200
968,2026-06-26 13:44:00,102,5,Gaseosa,Bebida,3,3000
969,2026-06-26 13:10:00,102,1,Taco al Pastor,Comida,2,3000
970,2026-06-26 20:21:00,103,4,Agua de Horchata,Bebida,1,800
971,2026-06-26 19:27:00,102,4,Agua de Horchata,Bebida,2,1600
972,2026-06-26 15:29:00,103,3,Quesadilla,Comida,2,4000
973,2026-06-26 21:35:00,103,1,Taco al Pastor,Comida,3,4500
974,2026-06-26 14:58:00,101,3,Quesadilla,Comida,1,2000
975,2026-06-26 21:24:00,103,5,Gaseosa,Bebida,2,2000
976,2026-06-26 12:09:00,103,3,Quesadilla,Comida,2,4000
977,2026-06-26 21:24:00,102,2,Taco de Asada,Comida,1,1800
978,2026-06-26 14:48:00,103,2,Taco de Asada,Comida,2,3600
979,2026-06-26 12:23:00,102,5,Gaseosa,Bebida,2,2000
980,2026-06-26 20:04:00,103,5,Gaseosa,Bebida,2,2000
981,2026-06-26 15:40:00,101,5,Gaseosa,Bebida,2,2000
982,2026-06-26 14:12:00,102,3,Quesadilla,Comida,2,4000
983,2026-06-26 13:34:00,101,5,Gaseosa,Bebida,2,2000
984,2026-06-26 19:44:00,103,2,Taco de Asada,Comida,2,3600
985,2026-06-26 23:51:00,102,3,Quesadilla,Comida,2,4000
986,2026-06-26 12:41:00,102,3,Quesadilla,Comida,3,6000
987,2026-06-26 13:26:00,101,5,Gaseosa,Bebida,2,2000
988,2026-06-26 15:06:00,102,2,Taco de Asada,Comida,3,5400
989,2026-06-26 21:54:00,102,4,Agua de Horchata,Bebida,1,800
990,2026-06-26 13:01:00,101,1,Taco al Pastor,Comida,2,3000
991,2026-06-26 23:02:00,103,5,Gaseosa,Bebida,2,2000
992,2026-06-26 23:12:00,103,1,Taco al Pastor,Comida,1,1500
993,2026-06-26 15:26:00,103,3,Quesadilla,Comida,4,8000
994,2026-06-27 20:56:00,103,5,Gaseosa,Bebida,2,2000
995,2026-06-27 23:53:00,103,2,Taco de Asada,Comida,2,3600
996,2026-06-27 22:02:00,101,4,Agua de Horchata,Bebida,2,1600
997,2026-06-27 19:22:00,102,5,Gaseosa,Bebida,1,1000
998,2026-06-27 12:36:00,103,2,Taco de Asada,Comida,1,1800
999,2026-06-27 22:50:00,102,5,Gaseosa,Bebida,2,2000
1000,2026-06-27 23:26:00,101,5,Gaseosa,Bebida,2,2000
1001,2026-06-27 20:34:00,103,2,Taco de Asada,Comida,1,1800
1002,2026-06-27 15:27:00,101,2,Taco de Asada,Comida,2,3600
1003,2026-06-27 19:26:00,101,5,Gaseosa,Bebida,2,2000
1004,2026-06-27 21:01:00,101,5,Gaseosa,Bebida,2,2000
1005,2026-06-27 20:41:00,103,2,Taco de Asada,Comida,2,3600
1006,2026-06-27 22:35:00,103,3,Quesadilla,Comida,2,4000
1007,2026-06-27 14:54:00,103,3,Quesadilla,Comida,4,8000
1008,2026-06-27 15:42:00,102,3,Quesadilla,Comida,4,8000
1009,2026-06-27 21:18:00,101,4,Agua de Horchata,Bebida,2,1600
1010,2026-06-27 12:17:00,103,4,Agua de Horchata,Bebida,2,1600
1011,2026-06-27 19:18:00,102,1,Taco al Pastor,Comida,1,1500
1012,2026-06-27 13:25:00,102,5,Gaseosa,Bebida,2,2000
1013,2026-06-27 23:42:00,101,4,Agua de Horchata,Bebida,2,1600
1014,2026-06-27 20:16:00,101,2,Taco de Asada,Comida,2,3600
1015,2026-06-27 14:38:00,101,5,Gaseosa,Bebida,2,2000
1016,2026-06-27 12:25:00,103,1,Taco al Pastor,Comida,2,3000
1017,2026-06-27 19:51:00,102,5,Gaseosa,Bebida,4,4000
1018,2026-06-27 12:25:00,101,4,Agua de Horchata,Bebida,2,1600
1019,2026-06-27 19:38:00,103,2,Taco de Asada,Comida,2,3600
1020,2026-06-27 14:54:00,102,4,Agua de Horchata,Bebida,1,800
1021,2026-06-27 15:51:00,101,3,Quesadilla,Comida,1,2000
1022,2026-06-27 13:26:00,101,2,Taco de Asada,Comida,2,3600
1023,2026-06-27 22:58:00,103,4,Agua de Horchata,Bebida,2,1600
1024,2026-06-27 21:28:00,101,3,Quesadilla,Comida,3,6000
1025,2026-06-27 15:34:00,103,4,Agua de Horchata,Bebida,3,2400
1026,2026-06-27 13:23:00,101,3,Quesadilla,Comida,1,2000
1027,2026-06-27 13:04:00,101,2,Taco de Asada,Comida,2,3600
1028,2026-06-27 21:21:00,102,3,Quesadilla,Comida,3,6000
1029,2026-06-27 23:35:00,101,2,Taco de Asada,Comida,2,3600
1030,2026-06-27 13:42:00,102,2,Taco de Asada,Comida,2,3600
1031,2026-06-27 13:48:00,101,5,Gaseosa,Bebida,1,1000
1032,2026-06-27 23:15:00,102,4,Agua de Horchata,Bebida,2,1600
1033,2026-06-27 15:04:00,102,5,Gaseosa,Bebida,3,3000
1034,2026-06-27 22:58:00,102,5,Gaseosa,Bebida,2,2000
1035,2026-06-27 22:01:00,102,5,Gaseosa,Bebida,3,3000
1036,2026-06-27 12:07:00,103,5,Gaseosa,Bebida,2,2000
1037,2026-06-27 14:22:00,103,1,Taco al Pastor,Comida,2,3000
1038,2026-06-27 12:52:00,101,1,Taco al Pastor,Comida,2,3000
1039,2026-06-27 14:19:00,101,5,Gaseosa,Bebida,1,1000
1040,2026-06-27 20:03:00,101,1,Taco al Pastor,Comida,2,3000
1041,2026-06-27 22:03:00,102,5,Gaseosa,Bebida,1,1000
1042,2026-06-27 13:57:00,102,5,Gaseosa,Bebida,3,3000
1043,2026-06-27 20:42:00,103,3,Quesadilla,Comida,1,2000
1044,2026-06-27 12:07:00,102,2,Taco de Asada,Comida,2,3600
1045,2026-06-27 14:55:00,102,2,Taco de Asada,Comida,1,1800
1046,2026-06-27 15:16:00,102,5,Gaseosa,Bebida,2,2000
1047,2026-06-27 14:13:00,103,4,Agua de Horchata,Bebida,2,1600
1048,2026-06-27 14:32:00,103,4,Agua de Horchata,Bebida,3,2400
1049,2026-06-27 19:18:00,102,3,Quesadilla,Comida,3,6000
1050,2026-06-27 15:47:00,103,5,Gaseosa,Bebida,1,1000
1051,2026-06-27 14:56:00,103,1,Taco al Pastor,Comida,3,4500
1052,2026-06-27 13:05:00,101,1,Taco al Pastor,Comida,2,3000
1053,2026-06-27 23:13:00,101,3,Quesadilla,Comida,1,2000
1054,2026-06-27 15:25:00,103,2,Taco de Asada,Comida,2,3600
1055,2026-06-27 15:40:00,101,5,Gaseosa,Bebida,2,2000
1056,2026-06-27 14:01:00,102,5,Gaseosa,Bebida,2,2000
1057,2026-06-27 14:48:00,103,2,Taco de Asada,Comida,3,5400
1058,2026-06-27 12:58:00,102,2,Taco de Asada,Comida,4,7200
1059,2026-06-27 23:13:00,102,4,Agua de Horchata,Bebida,3,2400
1060,2026-06-28 19:44:00,102,1,Taco al Pastor,Comida,3,4500
1061,2026-06-28 19:56:00,102,5,Gaseosa,Bebida,2,2000
1062,2026-06-28 21:57:00,101,3,Quesadilla,Comida,3,6000
1063,2026-06-28 19:43:00,103,3,Quesadilla,Comida,1,2000
1064,2026-06-28 14:35:00,102,4,Agua de Horchata,Bebida,2,1600
1065,2026-06-28 22:48:00,101,1,Taco al Pastor,Comida,3,4500
1066,2026-06-28 12:47:00,102,3,Quesadilla,Comida,1,2000
1067,2026-06-28 14:27:00,102,5,Gaseosa,Bebida,2,2000
1068,2026-06-28 21:46:00,103,1,Taco al Pastor,Comida,2,3000
1069,2026-06-28 12:40:00,101,2,Taco de Asada,Comida,2,3600
1070,2026-06-28 15:39:00,103,1,Taco al Pastor,Comida,2,3000
1071,2026-06-28 20:45:00,101,2,Taco de Asada,Comida,3,5400
1072,2026-06-28 23:14:00,103,2,Taco de Asada,Comida,1,1800
1073,2026-06-28 20:55:00,103,5,Gaseosa,Bebida,2,2000
1074,2026-06-28 23:52:00,103,1,Taco al Pastor,Comida,1,1500
1075,2026-06-28 15:06:00,101,2,Taco de Asada,Comida,2,3600
1076,2026-06-28 23:36:00,103,5,Gaseosa,Bebida,1,1000
1077,2026-06-28 15:32:00,102,5,Gaseosa,Bebida,1,1000
1078,2026-06-28 14:48:00,102,3,Quesadilla,Comida,2,4000
1079,2026-06-28 15:11:00,103,1,Taco al Pastor,Comida,2,3000
1080,2026-06-28 21:44:00,101,3,Quesadilla,Comida,2,4000
1081,2026-06-28 14:41:00,103,3,Quesadilla,Comida,2,4000
1082,2026-06-28 22:37:00,102,2,Taco de Asada,Comida,2,3600
1083,2026-06-28 22:54:00,101,2,Taco de Asada,Comida,2,3600
1084,2026-06-28 19:34:00,101,1,Taco al Pastor,Comida,1,1500
1085,2026-06-28 20:52:00,101,4,Agua de Horchata,Bebida,3,2400
1086,2026-06-28 19:36:00,101,2,Taco de Asada,Comida,2,3600
1087,2026-06-28 12:23:00,101,1,Taco al Pastor,Comida,2,3000
1088,2026-06-28 23:59:00,103,1,Taco al Pastor,Comida,1,1500
1089,2026-06-28 19:21:00,101,4,Agua de Horchata,Bebida,3,2400
1090,2026-06-28 23:31:00,103,1,Taco al Pastor,Comida,2,3000
1091,2026-06-28 22:18:00,102,4,Agua de Horchata,Bebida,2,1600
1092,2026-06-28 23:34:00,103,5,Gaseosa,Bebida,2,2000
1093,2026-06-28 20:52:00,102,1,Taco al Pastor,Comida,2,3000
1094,2026-06-28 21:11:00,103,2,Taco de Asada,Comida,2,3600
1095,2026-06-28 15:18:00,101,1,Taco al Pastor,Comida,2,3000
1096,2026-06-28 19:04:00,101,3,Quesadilla,Comida,2,4000
1097,2026-06-28 12:54:00,102,1,Taco al Pastor,Comida,2,3000
1098,2026-06-28 23:12:00,102,3,Quesadilla,Comida,3,6000
1099,2026-06-28 19:36:00,102,2,Taco de Asada,Comida,2,3600
1100,2026-06-28 14:04:00,101,4,Agua de Horchata,Bebida,3,2400
1101,2026-06-28 21:43:00,103,4,Agua de Horchata,Bebida,1,800
1102,2026-06-28 20:28:00,103,2,Taco de Asada,Comida,2,3600
1103,2026-06-28 20:14:00,101,4,Agua de Horchata,Bebida,1,800
1104,2026-06-28 13:26:00,101,4,Agua de Horchata,Bebida,2,1600
1105,2026-06-28 13:01:00,102,5,Gaseosa,Bebida,1,1000
1106,2026-06-28 20:54:00,102,5,Gaseosa,Bebida,2,2000
1107,2026-06-28 22:43:00,101,4,Agua de Horchata,Bebida,1,800
1108,2026-06-28 21:23:00,103,2,Taco de Asada,Comida,2,3600
1109,2026-06-28 12:47:00,102,5,Gaseosa,Bebida,2,2000
1110,2026-06-28 12:59:00,103,5,Gaseosa,Bebida,2,2000
1111,2026-06-28 14:54:00,101,3,Quesadilla,Comida,4,8000
1112,2026-06-28 22:37:00,101,1,Taco al Pastor,Comida,2,3000
1113,2026-06-28 12:41:00,101,3,Quesadilla,Comida,1,2000
1114,2026-06-28 23:08:00,101,4,Agua de Horchata,Bebida,3,2400
1115,2026-06-28 19:22:00,101,2,Taco de Asada,Comida,1,1800
1116,2026-06-28 19:40:00,102,4,Agua de Horchata,Bebida,2,1600
1117,2026-06-28 13:04:00,102,1,Taco al Pastor,Comida,3,4500
1118,2026-06-28 13:48:00,101,3,Quesadilla,Comida,1,2000
1119,2026-06-28 15:18:00,101,5,Gaseosa,Bebida,4,4000
1120,2026-06-28 13:40:00,103,5,Gaseosa,Bebida,3,3000
1121,2026-06-28 12:08:00,101,3,Quesadilla,Comida,2,4000
1122,2026-06-28 23:32:00,103,3,Quesadilla,Comida,2,4000
1123,2026-06-28 19:26:00,103,1,Taco al Pastor,Comida,2,3000
1124,2026-06-28 20:25:00,103,2,Taco de Asada,Comida,4,7200
1125,2026-06-28 19:07:00,101,1,Taco al Pastor,Comida,2,3000
1126,2026-06-28 19:48:00,103,1,Taco al Pastor,Comida,1,1500
1127,2026-06-28 21:44:00,103,5,Gaseosa,Bebida,2,2000
1128,2026-06-29 13:00:00,101,4,Agua de Horchata,Bebida,3,2400
1129,2026-06-29 12:42:00,101,5,Gaseosa,Bebida,3,3000
1130,2026-06-29 21:44:00,103,2,Taco de Asada,Comida,1,1800
1131,2026-06-29 20:38:00,103,3,Quesadilla,Comida,3,6000
1132,2026-06-29 22:16:00,102,4,Agua de Horchata,Bebida,2,1600
1133,2026-06-29 20:32:00,102,1,Taco al Pastor,Comida,1,1500
1134,2026-06-29 20:33:00,103,3,Quesadilla,Comida,2,4000
1135,2026-06-29 19:51:00,101,2,Taco de Asada,Comida,2,3600
1136,2026-06-29 19:30:00,103,1,Taco al Pastor,Comida,1,1500
1137,2026-06-29 20:19:00,101,3,Quesadilla,Comida,2,4000
1138,2026-06-29 20:20:00,101,2,Taco de Asada,Comida,1,1800
1139,2026-06-29 12:13:00,102,5,Gaseosa,Bebida,2,2000
1140,2026-06-29 21:54:00,101,3,Quesadilla,Comida,2,4000
1141,2026-06-29 14:06:00,102,5,Gaseosa,Bebida,2,2000
1142,2026-06-29 13:47:00,103,4,Agua de Horchata,Bebida,3,2400
1143,2026-06-29 23:06:00,101,3,Quesadilla,Comida,1,2000
1144,2026-06-29 20:20:00,101,2,Taco de Asada,Comida,2,3600
1145,2026-06-29 14:18:00,102,3,Quesadilla,Comida,3,6000
1146,2026-06-29 14:38:00,102,1,Taco al Pastor,Comida,2,3000
1147,2026-06-29 19:27:00,101,2,Taco de Asada,Comida,1,1800
1148,2026-06-29 13:23:00,103,2,Taco de Asada,Comida,2,3600
1149,2026-06-29 22:56:00,103,3,Quesadilla,Comida,2,4000
1150,2026-06-29 22:05:00,103,2,Taco de Asada,Comida,2,3600
1151,2026-06-29 12:12:00,102,1,Taco al Pastor,Comida,4,6000
1152,2026-06-29 12:01:00,103,1,Taco al Pastor,Comida,3,4500
1153,2026-06-29 15:23:00,101,1,Taco al Pastor,Comida,2,3000
1154,2026-06-29 13:21:00,101,5,Gaseosa,Bebida,2,2000
1155,2026-06-29 19:10:00,103,5,Gaseosa,Bebida,1,1000
1156,2026-06-29 13:19:00,103,2,Taco de Asada,Comida,4,7200
1157,2026-06-29 22:52:00,102,2,Taco de Asada,Comida,2,3600
1158,2026-06-29 12:35:00,101,4,Agua de Horchata,Bebida,2,1600
1159,2026-06-29 12:42:00,103,2,Taco de Asada,Comida,2,3600
1160,2026-06-29 14:13:00,102,4,Agua de Horchata,Bebida,3,2400
1161,2026-06-30 20:58:00,101,4,Agua de Horchata,Bebida,3,2400
1162,2026-06-30 12:33:00,103,4,Agua de Horchata,Bebida,1,800
1163,2026-06-30 13:41:00,101,5,Gaseosa,Bebida,1,1000
1164,2026-06-30 19:41:00,103,2,Taco de Asada,Comida,2,3600
1165,2026-06-30 15:53:00,101,3,Quesadilla,Comida,2,4000
1166,2026-06-30 13:39:00,102,4,Agua de Horchata,Bebida,1,800
1167,2026-06-30 21:56:00,103,3,Quesadilla,Comida,1,2000
1168,2026-06-30 12:11:00,101,5,Gaseosa,Bebida,4,4000
1169,2026-06-30 14:27:00,101,3,Quesadilla,Comida,4,8000
1170,2026-06-30 15:15:00,102,3,Quesadilla,Comida,2,4000
1171,2026-06-30 21:03:00,101,1,Taco al Pastor,Comida,2,3000
1172,2026-06-30 23:07:00,102,5,Gaseosa,Bebida,2,2000
1173,2026-06-30 22:34:00,102,3,Quesadilla,Comida,2,4000
1174,2026-06-30 20:42:00,102,2,Taco de Asada,Comida,1,1800
1175,2026-06-30 12:58:00,102,3,Quesadilla,Comida,3,6000
1176,2026-06-30 14:44:00,103,4,Agua de Horchata,Bebida,2,1600
1177,2026-06-30 15:09:00,101,4,Agua de Horchata,Bebida,1,800
1178,2026-06-30 13:43:00,101,4,Agua de Horchata,Bebida,2,1600
1179,2026-06-30 14:30:00,101,3,Quesadilla,Comida,2,4000
1180,2026-06-30 15:35:00,103,2,Taco de Asada,Comida,3,5400
1181,2026-06-30 20:06:00,102,5,Gaseosa,Bebida,2,2000
1182,2026-06-30 14:49:00,101,4,Agua de Horchata,Bebida,3,2400
1183,2026-06-30 21:46:00,101,4,Agua de Horchata,Bebida,4,3200
1184,2026-06-30 14:54:00,101,2,Taco de Asada,Comida,2,3600
1185,2026-06-30 21:22:00,103,5,Gaseosa,Bebida,3,3000
1186,2026-06-30 20:41:00,103,3,Quesadilla,Comida,2,4000
1187,2026-06-30 23:22:00,101,4,Agua de Horchata,Bebida,4,3200
1188,2026-06-30 21:31:00,101,5,Gaseosa,Bebida,2,2000
1189,2026-06-30 15:09:00,101,4,Agua de Horchata,Bebida,4,3200
1190,2026-06-30 15:44:00,102,3,Quesadilla,Comida,2,4000
1191,2026-06-30 12:54:00,102,4,Agua de Horchata,Bebida,2,1600
1192,2026-06-30 21:28:00,103,2,Taco de Asada,Comida,2,3600
1193,2026-06-30 20:28:00,103,1,Taco al Pastor,Comida,3,4500
1194,2026-06-30 19:43:00,101,4,Agua de Horchata,Bebida,1,800
1195,2026-06-30 12:46:00,103,4,Agua de Horchata,Bebida,3,2400
